id,submit,cpu,mem,duration,tag
job-0,2025-09-17T20:52:28+02:00,4,4,561,A
job-1,2025-09-17T20:52:30+02:00,5,4,575,A
job-2,2025-09-17T20:52:31+02:00,1,1,40,
job-3,2025-09-17T20:52:31+02:00,5,7,598,A
job-4,2025-09-17T20:52:31+02:00,5,13,455,A
job-5,2025-09-17T20:52:31+02:00,5,15,486,A
job-6,2025-09-17T20:52:32+02:00,15,10,210,B
job-7,2025-09-17T20:52:34+02:00,2,20,153,
job-8,2025-09-17T20:52:35+02:00,2,29,143,
job-9,2025-09-17T20:52:37+02:00,2,26,130,
job-10,2025-09-17T20:52:39+02:00,5,6,338,A
job-11,2025-09-17T20:52:39+02:00,8,8,421,A
job-12,2025-09-17T20:52:40+02:00,2,21,125,
job-13,2025-09-17T20:52:43+02:00,6,7,545,A
job-14,2025-09-17T20:52:47+02:00,1,1,50,
job-15,2025-09-17T20:52:49+02:00,14,12,206,B
job-16,2025-09-17T20:52:49+02:00,2,30,126,
job-17,2025-09-17T20:52:51+02:00,4,4,531,A
job-18,2025-09-17T20:52:51+02:00,1,1,35,
job-19,2025-09-17T20:52:53+02:00,1,1,38,
job-20,2025-09-17T20:52:55+02:00,2,27,158,
job-21,2025-09-17T20:52:58+02:00,1,1,39,
job-22,2025-09-17T20:52:59+02:00,1,1,54,
job-23,2025-09-17T20:52:59+02:00,13,12,225,B
job-24,2025-09-17T20:52:59+02:00,7,10,529,A
job-25,2025-09-17T20:53:01+02:00,1,1,54,
job-26,2025-09-17T20:53:04+02:00,1,1,44,
job-27,2025-09-17T20:53:04+02:00,7,16,477,A
job-28,2025-09-17T20:53:06+02:00,1,1,58,
job-29,2025-09-17T20:53:07+02:00,6,12,528,A
job-30,2025-09-17T20:53:07+02:00,1,1,46,
job-31,2025-09-17T20:53:07+02:00,2,30,179,
job-32,2025-09-17T20:53:08+02:00,15,10,310,B
job-33,2025-09-17T20:53:09+02:00,2,28,140,
job-34,2025-09-17T20:53:09+02:00,2,26,179,
job-35,2025-09-17T20:53:09+02:00,16,12,283,B
job-36,2025-09-17T20:53:09+02:00,5,14,399,A
job-37,2025-09-17T20:53:09+02:00,2,18,168,
job-38,2025-09-17T20:53:09+02:00,6,15,448,A
job-39,2025-09-17T20:53:10+02:00,2,16,178,
job-40,2025-09-17T20:53:10+02:00,1,1,49,
job-41,2025-09-17T20:53:11+02:00,8,5,350,A
job-42,2025-09-17T20:53:11+02:00,5,7,392,A
job-43,2025-09-17T20:53:12+02:00,1,1,56,
job-44,2025-09-17T20:53:14+02:00,7,12,515,A
job-45,2025-09-17T20:53:14+02:00,2,16,143,
job-46,2025-09-17T20:53:14+02:00,9,10,338,B
job-47,2025-09-17T20:53:16+02:00,16,12,244,B
job-48,2025-09-17T20:53:16+02:00,1,1,52,
job-49,2025-09-17T20:53:18+02:00,5,8,519,A
job-50,2025-09-17T20:53:18+02:00,7,4,363,A
job-51,2025-09-17T20:53:19+02:00,14,12,360,B
job-52,2025-09-17T20:53:20+02:00,6,8,342,A
job-53,2025-09-17T20:53:21+02:00,2,25,150,
job-54,2025-09-17T20:53:22+02:00,13,9,262,B
job-55,2025-09-17T20:53:23+02:00,4,14,524,A
job-56,2025-09-17T20:53:25+02:00,1,1,42,
job-57,2025-09-17T20:53:25+02:00,1,1,44,
job-58,2025-09-17T20:53:26+02:00,1,1,54,
job-59,2025-09-17T20:53:30+02:00,9,8,285,B
job-60,2025-09-17T20:53:30+02:00,2,27,169,
job-61,2025-09-17T20:53:31+02:00,2,19,139,
job-62,2025-09-17T20:53:32+02:00,1,1,35,
job-63,2025-09-17T20:53:33+02:00,2,24,176,
job-64,2025-09-17T20:53:35+02:00,2,22,128,
job-65,2025-09-17T20:53:36+02:00,1,1,46,
job-66,2025-09-17T20:53:36+02:00,11,9,213,B
job-67,2025-09-17T20:53:37+02:00,1,1,32,
job-68,2025-09-17T20:53:38+02:00,1,1,38,
job-69,2025-09-17T20:53:39+02:00,10,9,250,B
job-70,2025-09-17T20:53:39+02:00,1,1,38,
job-71,2025-09-17T20:53:42+02:00,14,8,206,B
job-72,2025-09-17T20:53:43+02:00,16,11,253,B
job-73,2025-09-17T20:53:45+02:00,8,11,361,B
job-74,2025-09-17T20:53:45+02:00,8,8,357,B
job-75,2025-09-17T20:53:47+02:00,14,10,400,B
job-76,2025-09-17T20:53:49+02:00,4,14,575,A
job-77,2025-09-17T20:53:50+02:00,13,12,242,B
job-78,2025-09-17T20:53:50+02:00,2,17,165,
job-79,2025-09-17T20:53:52+02:00,2,30,137,
job-80,2025-09-17T20:53:53+02:00,2,21,135,
job-81,2025-09-17T20:53:53+02:00,12,12,387,B
job-82,2025-09-17T20:53:57+02:00,7,14,496,A
job-83,2025-09-17T20:53:57+02:00,6,12,523,A
job-84,2025-09-17T20:53:58+02:00,1,1,50,
job-85,2025-09-17T20:53:59+02:00,7,10,493,A
job-86,2025-09-17T20:54:00+02:00,8,4,447,A
job-87,2025-09-17T20:54:00+02:00,1,1,36,
job-88,2025-09-17T20:54:01+02:00,2,30,176,
job-89,2025-09-17T20:54:01+02:00,6,4,375,A
job-90,2025-09-17T20:54:04+02:00,1,1,54,
job-91,2025-09-17T20:54:04+02:00,5,8,526,A
job-92,2025-09-17T20:54:05+02:00,15,12,383,B
job-93,2025-09-17T20:54:07+02:00,8,12,505,A
job-94,2025-09-17T20:54:07+02:00,4,4,338,A
job-95,2025-09-17T20:54:10+02:00,12,9,221,B
job-96,2025-09-17T20:54:10+02:00,2,32,152,
job-97,2025-09-17T20:54:11+02:00,1,1,51,
job-98,2025-09-17T20:54:11+02:00,13,10,387,B
job-99,2025-09-17T20:54:12+02:00,16,8,267,B
job-100,2025-09-17T20:54:15+02:00,4,15,321,A
job-101,2025-09-17T20:54:15+02:00,2,25,140,
job-102,2025-09-17T20:54:15+02:00,13,8,331,B
job-103,2025-09-17T20:54:16+02:00,1,1,41,
job-104,2025-09-17T20:54:17+02:00,16,11,204,B
job-105,2025-09-17T20:54:20+02:00,8,8,485,A
job-106,2025-09-17T20:54:20+02:00,8,10,528,A
job-107,2025-09-17T20:54:21+02:00,7,16,308,A
job-108,2025-09-17T20:54:24+02:00,1,1,54,
job-109,2025-09-17T20:54:26+02:00,7,11,410,A
job-110,2025-09-17T20:54:29+02:00,13,10,323,B
job-111,2025-09-17T20:54:31+02:00,12,10,360,B
job-112,2025-09-17T20:54:31+02:00,5,15,574,A
job-113,2025-09-17T20:54:33+02:00,16,9,313,B
job-114,2025-09-17T20:54:35+02:00,9,11,233,B
job-115,2025-09-17T20:54:36+02:00,2,23,180,
job-116,2025-09-17T20:54:36+02:00,6,7,328,A
job-117,2025-09-17T20:54:36+02:00,2,30,156,
job-118,2025-09-17T20:54:38+02:00,15,8,211,B
job-119,2025-09-17T20:54:38+02:00,2,18,133,
job-120,2025-09-17T20:54:39+02:00,2,29,128,
job-121,2025-09-17T20:54:40+02:00,11,11,270,B
job-122,2025-09-17T20:54:41+02:00,1,1,41,
job-123,2025-09-17T20:54:42+02:00,5,7,510,A
job-124,2025-09-17T20:54:43+02:00,1,1,54,
job-125,2025-09-17T20:54:43+02:00,9,11,241,B
job-126,2025-09-17T20:54:45+02:00,1,1,32,
job-127,2025-09-17T20:54:45+02:00,1,1,31,
job-128,2025-09-17T20:54:45+02:00,12,10,272,B
job-129,2025-09-17T20:54:45+02:00,6,11,482,A
job-130,2025-09-17T20:54:46+02:00,2,32,156,
job-131,2025-09-17T20:54:46+02:00,2,25,137,
job-132,2025-09-17T20:54:48+02:00,6,11,321,A
job-133,2025-09-17T20:54:49+02:00,2,26,173,
job-134,2025-09-17T20:54:51+02:00,2,24,174,
job-135,2025-09-17T20:54:51+02:00,1,1,53,
job-136,2025-09-17T20:54:51+02:00,1,1,33,
job-137,2025-09-17T20:54:52+02:00,7,8,390,A
job-138,2025-09-17T20:54:52+02:00,2,28,139,
job-139,2025-09-17T20:54:57+02:00,8,5,580,A
job-140,2025-09-17T20:55:00+02:00,16,9,268,B
job-141,2025-09-17T20:55:01+02:00,1,1,31,
job-142,2025-09-17T20:55:01+02:00,2,23,172,
job-143,2025-09-17T20:55:01+02:00,13,10,274,B
job-144,2025-09-17T20:55:03+02:00,9,11,238,B
job-145,2025-09-17T20:55:04+02:00,11,9,376,B
job-146,2025-09-17T20:55:05+02:00,1,1,30,
job-147,2025-09-17T20:55:05+02:00,5,15,560,A
job-148,2025-09-17T20:55:07+02:00,4,6,373,A
job-149,2025-09-17T20:55:08+02:00,12,12,308,B
job-150,2025-09-17T20:55:08+02:00,2,32,135,
job-151,2025-09-17T20:55:08+02:00,5,11,359,A
job-152,2025-09-17T20:55:09+02:00,6,13,483,A
job-153,2025-09-17T20:55:10+02:00,16,9,284,B
job-154,2025-09-17T20:55:10+02:00,11,10,308,B
job-155,2025-09-17T20:55:12+02:00,13,12,315,B
job-156,2025-09-17T20:55:14+02:00,2,17,126,
job-157,2025-09-17T20:55:14+02:00,2,31,169,
job-158,2025-09-17T20:55:15+02:00,1,1,45,
job-159,2025-09-17T20:55:16+02:00,2,16,152,
job-160,2025-09-17T20:55:16+02:00,16,9,310,B
job-161,2025-09-17T20:55:17+02:00,13,8,363,B
job-162,2025-09-17T20:55:17+02:00,2,23,154,
job-163,2025-09-17T20:55:17+02:00,2,24,165,
job-164,2025-09-17T20:55:18+02:00,1,1,36,
job-165,2025-09-17T20:55:19+02:00,12,10,251,B
job-166,2025-09-17T20:55:20+02:00,14,12,258,B
job-167,2025-09-17T20:55:21+02:00,1,1,57,
job-168,2025-09-17T20:55:22+02:00,13,12,277,B
job-169,2025-09-17T20:55:22+02:00,12,10,353,B
job-170,2025-09-17T20:55:22+02:00,2,20,124,
job-171,2025-09-17T20:55:22+02:00,8,16,565,A
job-172,2025-09-17T20:55:23+02:00,8,9,304,A
job-173,2025-09-17T20:55:24+02:00,7,9,420,A
job-174,2025-09-17T20:55:25+02:00,11,10,296,B
job-175,2025-09-17T20:55:25+02:00,8,13,434,A
job-176,2025-09-17T20:55:26+02:00,2,30,156,
job-177,2025-09-17T20:55:26+02:00,2,19,176,
job-178,2025-09-17T20:55:26+02:00,13,9,264,B
job-179,2025-09-17T20:55:26+02:00,2,28,166,
job-180,2025-09-17T20:55:27+02:00,2,28,120,
job-181,2025-09-17T20:55:29+02:00,6,12,534,A
job-182,2025-09-17T20:55:32+02:00,8,9,343,B
job-183,2025-09-17T20:55:32+02:00,2,20,166,
job-184,2025-09-17T20:55:32+02:00,16,9,368,B
job-185,2025-09-17T20:55:33+02:00,7,12,360,A
job-186,2025-09-17T20:55:37+02:00,8,16,391,A
job-187,2025-09-17T20:55:38+02:00,1,1,44,
job-188,2025-09-17T20:55:38+02:00,6,4,325,A
job-189,2025-09-17T20:55:38+02:00,11,11,334,B
job-190,2025-09-17T20:55:38+02:00,6,13,353,A
job-191,2025-09-17T20:55:42+02:00,6,16,346,A
job-192,2025-09-17T20:55:42+02:00,9,12,398,B
job-193,2025-09-17T20:55:42+02:00,14,11,225,B
job-194,2025-09-17T20:55:43+02:00,8,6,496,A
job-195,2025-09-17T20:55:43+02:00,9,10,214,B
job-196,2025-09-17T20:55:44+02:00,10,12,377,B
job-197,2025-09-17T20:55:45+02:00,1,1,48,
job-198,2025-09-17T20:55:45+02:00,14,12,287,B
job-199,2025-09-17T20:55:48+02:00,14,8,333,B
job-200,2025-09-17T20:55:48+02:00,13,8,379,B
job-201,2025-09-17T20:55:52+02:00,2,21,174,
job-202,2025-09-17T20:55:52+02:00,5,8,572,A
job-203,2025-09-17T20:55:53+02:00,2,21,155,
job-204,2025-09-17T20:55:56+02:00,1,1,47,
job-205,2025-09-17T20:55:56+02:00,9,12,336,B
job-206,2025-09-17T20:55:56+02:00,5,8,534,A
job-207,2025-09-17T20:55:57+02:00,8,11,358,B
job-208,2025-09-17T20:55:57+02:00,15,10,268,B
job-209,2025-09-17T20:55:57+02:00,8,10,249,B
job-210,2025-09-17T20:55:59+02:00,1,1,58,
job-211,2025-09-17T20:55:59+02:00,16,8,217,B
job-212,2025-09-17T20:55:59+02:00,14,10,376,B
job-213,2025-09-17T20:56:01+02:00,2,17,162,
job-214,2025-09-17T20:56:01+02:00,2,30,160,
job-215,2025-09-17T20:56:01+02:00,1,1,50,
job-216,2025-09-17T20:56:02+02:00,8,11,533,A
job-217,2025-09-17T20:56:05+02:00,2,26,146,
job-218,2025-09-17T20:56:08+02:00,1,1,50,
job-219,2025-09-17T20:56:08+02:00,2,16,124,
job-220,2025-09-17T20:56:09+02:00,2,27,130,
job-221,2025-09-17T20:56:09+02:00,8,12,275,B
job-222,2025-09-17T20:56:10+02:00,1,1,40,
job-223,2025-09-17T20:56:10+02:00,7,5,549,A
job-224,2025-09-17T20:56:11+02:00,6,16,458,A
job-225,2025-09-17T20:56:11+02:00,14,10,280,B
job-226,2025-09-17T20:56:12+02:00,1,1,50,
job-227,2025-09-17T20:56:12+02:00,1,1,35,
job-228,2025-09-17T20:56:14+02:00,1,1,40,
job-229,2025-09-17T20:56:15+02:00,1,1,47,
job-230,2025-09-17T20:56:16+02:00,2,22,144,
job-231,2025-09-17T20:56:16+02:00,4,9,519,A
job-232,2025-09-17T20:56:17+02:00,2,18,177,
job-233,2025-09-17T20:56:19+02:00,2,19,155,
job-234,2025-09-17T20:56:20+02:00,6,10,478,A
job-235,2025-09-17T20:56:22+02:00,12,11,246,B
job-236,2025-09-17T20:56:26+02:00,1,1,59,
job-237,2025-09-17T20:56:28+02:00,1,1,37,
job-238,2025-09-17T20:56:28+02:00,8,11,458,A
job-239,2025-09-17T20:56:29+02:00,1,1,38,
job-240,2025-09-17T20:56:29+02:00,5,12,341,A
job-241,2025-09-17T20:56:30+02:00,8,12,220,B
job-242,2025-09-17T20:56:32+02:00,1,1,50,
job-243,2025-09-17T20:56:33+02:00,1,1,31,
job-244,2025-09-17T20:56:35+02:00,2,25,155,
job-245,2025-09-17T20:56:36+02:00,9,11,365,B
job-246,2025-09-17T20:56:37+02:00,1,1,45,
job-247,2025-09-17T20:56:39+02:00,4,4,490,A
job-248,2025-09-17T20:56:40+02:00,8,14,573,A
job-249,2025-09-17T20:56:40+02:00,1,1,48,
job-250,2025-09-17T20:56:42+02:00,7,9,518,A
job-251,2025-09-17T20:56:45+02:00,1,1,55,
job-252,2025-09-17T20:56:48+02:00,13,12,234,B
job-253,2025-09-17T20:56:50+02:00,13,10,299,B
job-254,2025-09-17T20:56:50+02:00,2,30,161,
job-255,2025-09-17T20:56:51+02:00,13,10,297,B
job-256,2025-09-17T20:56:53+02:00,1,1,36,
job-257,2025-09-17T20:56:53+02:00,2,25,169,
job-258,2025-09-17T20:56:54+02:00,2,26,156,
job-259,2025-09-17T20:56:56+02:00,1,1,30,
job-260,2025-09-17T20:56:56+02:00,1,1,34,
job-261,2025-09-17T20:56:57+02:00,2,17,156,
job-262,2025-09-17T20:56:57+02:00,5,14,302,A
job-263,2025-09-17T20:57:00+02:00,8,4,314,A
job-264,2025-09-17T20:57:01+02:00,6,16,530,A
job-265,2025-09-17T20:57:02+02:00,1,1,47,
job-266,2025-09-17T20:57:03+02:00,6,10,524,A
job-267,2025-09-17T20:57:06+02:00,8,15,304,A
job-268,2025-09-17T20:57:06+02:00,1,1,59,
job-269,2025-09-17T20:57:07+02:00,1,1,42,
job-270,2025-09-17T20:57:07+02:00,1,1,48,
job-271,2025-09-17T20:57:07+02:00,1,1,39,
job-272,2025-09-17T20:57:08+02:00,2,20,173,
job-273,2025-09-17T20:57:09+02:00,12,11,243,B
job-274,2025-09-17T20:57:11+02:00,5,7,478,A
job-275,2025-09-17T20:57:11+02:00,1,1,54,
job-276,2025-09-17T20:57:14+02:00,8,12,318,B
job-277,2025-09-17T20:57:15+02:00,8,15,324,A
job-278,2025-09-17T20:57:16+02:00,1,1,36,
job-279,2025-09-17T20:57:16+02:00,1,1,44,
job-280,2025-09-17T20:57:17+02:00,1,1,58,
job-281,2025-09-17T20:57:17+02:00,1,1,40,
job-282,2025-09-17T20:57:18+02:00,8,16,431,A
job-283,2025-09-17T20:57:18+02:00,16,11,310,B
job-284,2025-09-17T20:57:20+02:00,1,1,37,
job-285,2025-09-17T20:57:20+02:00,1,1,35,
job-286,2025-09-17T20:57:23+02:00,1,1,47,
job-287,2025-09-17T20:57:23+02:00,7,11,322,A
job-288,2025-09-17T20:57:25+02:00,1,1,30,
job-289,2025-09-17T20:57:25+02:00,2,29,144,
job-290,2025-09-17T20:57:26+02:00,9,12,248,B
job-291,2025-09-17T20:57:29+02:00,6,10,596,A
job-292,2025-09-17T20:57:31+02:00,2,22,121,
job-293,2025-09-17T20:57:31+02:00,1,1,52,
job-294,2025-09-17T20:57:31+02:00,4,16,501,A
job-295,2025-09-17T20:57:33+02:00,12,8,338,B
job-296,2025-09-17T20:57:33+02:00,9,11,211,B
job-297,2025-09-17T20:57:33+02:00,5,6,541,A
job-298,2025-09-17T20:57:35+02:00,1,1,55,
job-299,2025-09-17T20:57:36+02:00,2,19,136,
job-300,2025-09-17T20:57:39+02:00,6,5,377,A
job-301,2025-09-17T20:57:42+02:00,11,9,235,B
job-302,2025-09-17T20:57:45+02:00,2,21,126,
job-303,2025-09-17T20:57:46+02:00,2,27,131,
job-304,2025-09-17T20:57:47+02:00,4,11,495,A
job-305,2025-09-17T20:57:47+02:00,2,28,165,
job-306,2025-09-17T20:57:48+02:00,2,26,129,
job-307,2025-09-17T20:57:49+02:00,2,29,165,
job-308,2025-09-17T20:57:50+02:00,12,11,397,B
job-309,2025-09-17T20:57:51+02:00,4,11,351,A
job-310,2025-09-17T20:57:52+02:00,7,13,590,A
job-311,2025-09-17T20:57:54+02:00,15,12,339,B
job-312,2025-09-17T20:57:59+02:00,10,12,312,B
job-313,2025-09-17T20:57:59+02:00,2,29,175,
job-314,2025-09-17T20:57:59+02:00,6,7,561,A
job-315,2025-09-17T20:58:00+02:00,8,10,520,A
job-316,2025-09-17T20:58:00+02:00,2,32,124,
job-317,2025-09-17T20:58:01+02:00,2,19,170,
job-318,2025-09-17T20:58:01+02:00,5,9,443,A
job-319,2025-09-17T20:58:01+02:00,1,1,42,
job-320,2025-09-17T20:58:02+02:00,1,1,52,
job-321,2025-09-17T20:58:02+02:00,6,10,521,A
job-322,2025-09-17T20:58:02+02:00,8,8,279,B
job-323,2025-09-17T20:58:03+02:00,4,16,390,A
job-324,2025-09-17T20:58:03+02:00,16,12,214,B
job-325,2025-09-17T20:58:04+02:00,2,29,153,
job-326,2025-09-17T20:58:04+02:00,1,1,37,
job-327,2025-09-17T20:58:07+02:00,14,10,233,B
job-328,2025-09-17T20:58:08+02:00,6,7,474,A
job-329,2025-09-17T20:58:08+02:00,16,8,264,B
job-330,2025-09-17T20:58:09+02:00,10,10,346,B
job-331,2025-09-17T20:58:09+02:00,2,21,142,
job-332,2025-09-17T20:58:10+02:00,2,20,162,
job-333,2025-09-17T20:58:12+02:00,16,9,303,B
job-334,2025-09-17T20:58:13+02:00,1,1,58,
job-335,2025-09-17T20:58:13+02:00,1,1,31,
job-336,2025-09-17T20:58:14+02:00,2,20,176,
job-337,2025-09-17T20:58:15+02:00,2,32,152,
job-338,2025-09-17T20:58:16+02:00,1,1,34,
job-339,2025-09-17T20:58:17+02:00,9,8,311,B
job-340,2025-09-17T20:58:18+02:00,7,15,346,A
job-341,2025-09-17T20:58:18+02:00,1,1,40,
job-342,2025-09-17T20:58:18+02:00,15,11,259,B
job-343,2025-09-17T20:58:19+02:00,4,13,314,A
job-344,2025-09-17T20:58:19+02:00,1,1,43,
job-345,2025-09-17T20:58:19+02:00,2,32,156,
job-346,2025-09-17T20:58:22+02:00,5,5,482,A
job-347,2025-09-17T20:58:24+02:00,1,1,59,
job-348,2025-09-17T20:58:25+02:00,1,1,54,
job-349,2025-09-17T20:58:25+02:00,15,11,397,B
job-350,2025-09-17T20:58:25+02:00,2,27,169,
job-351,2025-09-17T20:58:26+02:00,8,15,576,A
job-352,2025-09-17T20:58:26+02:00,10,12,363,B
job-353,2025-09-17T20:58:28+02:00,2,26,178,
job-354,2025-09-17T20:58:28+02:00,2,24,152,
job-355,2025-09-17T20:58:28+02:00,1,1,47,
job-356,2025-09-17T20:58:28+02:00,6,5,543,A
job-357,2025-09-17T20:58:28+02:00,1,1,43,
job-358,2025-09-17T20:58:29+02:00,10,11,313,B
job-359,2025-09-17T20:58:29+02:00,4,11,457,A
job-360,2025-09-17T20:58:30+02:00,11,8,225,B
job-361,2025-09-17T20:58:30+02:00,9,12,302,B
job-362,2025-09-17T20:58:31+02:00,2,27,147,
job-363,2025-09-17T20:58:33+02:00,15,11,278,B
job-364,2025-09-17T20:58:33+02:00,11,9,203,B
job-365,2025-09-17T20:58:37+02:00,2,28,147,
job-366,2025-09-17T20:58:37+02:00,9,11,357,B
job-367,2025-09-17T20:58:40+02:00,8,8,261,B
job-368,2025-09-17T20:58:40+02:00,1,1,49,
job-369,2025-09-17T20:58:40+02:00,7,13,336,A
job-370,2025-09-17T20:58:41+02:00,13,9,208,B
job-371,2025-09-17T20:58:41+02:00,2,21,168,
job-372,2025-09-17T20:58:41+02:00,4,12,385,A
job-373,2025-09-17T20:58:44+02:00,14,12,389,B
job-374,2025-09-17T20:58:44+02:00,2,22,126,
job-375,2025-09-17T20:58:45+02:00,1,1,30,
job-376,2025-09-17T20:58:46+02:00,8,9,430,A
job-377,2025-09-17T20:58:46+02:00,7,11,336,A
job-378,2025-09-17T20:58:48+02:00,1,1,51,
job-379,2025-09-17T20:58:50+02:00,1,1,44,
job-380,2025-09-17T20:58:52+02:00,7,12,379,A
job-381,2025-09-17T20:58:53+02:00,7,4,582,A
job-382,2025-09-17T20:58:54+02:00,8,12,491,A
job-383,2025-09-17T20:58:55+02:00,1,1,45,
job-384,2025-09-17T20:58:55+02:00,6,10,507,A
job-385,2025-09-17T20:58:56+02:00,7,6,426,A
job-386,2025-09-17T20:58:56+02:00,2,21,140,
job-387,2025-09-17T20:58:58+02:00,1,1,41,
job-388,2025-09-17T20:58:59+02:00,1,1,46,
job-389,2025-09-17T20:58:59+02:00,13,10,237,B
job-390,2025-09-17T20:59:00+02:00,1,1,35,
job-391,2025-09-17T20:59:01+02:00,1,1,43,
job-392,2025-09-17T20:59:01+02:00,2,18,150,
job-393,2025-09-17T20:59:02+02:00,12,11,202,B
job-394,2025-09-17T20:59:06+02:00,6,9,440,A
job-395,2025-09-17T20:59:07+02:00,2,16,133,
job-396,2025-09-17T20:59:07+02:00,2,18,168,
job-397,2025-09-17T20:59:09+02:00,16,12,330,B
job-398,2025-09-17T20:59:10+02:00,4,6,428,A
job-399,2025-09-17T20:59:11+02:00,1,1,54,
job-400,2025-09-17T20:59:12+02:00,2,28,142,
job-401,2025-09-17T20:59:13+02:00,1,1,53,
job-402,2025-09-17T20:59:13+02:00,1,1,46,
job-403,2025-09-17T20:59:14+02:00,7,7,308,A
job-404,2025-09-17T20:59:14+02:00,10,11,249,B
job-405,2025-09-17T20:59:14+02:00,1,1,35,
job-406,2025-09-17T20:59:14+02:00,1,1,41,
job-407,2025-09-17T20:59:16+02:00,2,18,170,
job-408,2025-09-17T20:59:16+02:00,2,24,140,
job-409,2025-09-17T20:59:18+02:00,1,1,48,
job-410,2025-09-17T20:59:18+02:00,4,9,461,A
job-411,2025-09-17T20:59:21+02:00,6,13,498,A
job-412,2025-09-17T20:59:23+02:00,13,11,229,B
job-413,2025-09-17T20:59:23+02:00,2,28,165,
job-414,2025-09-17T20:59:23+02:00,15,11,378,B
job-415,2025-09-17T20:59:23+02:00,8,10,596,A
job-416,2025-09-17T20:59:24+02:00,16,8,208,B
job-417,2025-09-17T20:59:24+02:00,2,17,166,
job-418,2025-09-17T20:59:27+02:00,5,11,379,A
job-419,2025-09-17T20:59:27+02:00,1,1,33,
job-420,2025-09-17T20:59:27+02:00,16,11,217,B
job-421,2025-09-17T20:59:30+02:00,2,17,171,
job-422,2025-09-17T20:59:31+02:00,15,9,210,B
job-423,2025-09-17T20:59:32+02:00,8,4,357,A
job-424,2025-09-17T20:59:34+02:00,8,11,244,B
job-425,2025-09-17T20:59:34+02:00,11,12,327,B
job-426,2025-09-17T20:59:35+02:00,6,9,410,A
job-427,2025-09-17T20:59:36+02:00,1,1,31,
job-428,2025-09-17T20:59:37+02:00,6,14,437,A
job-429,2025-09-17T20:59:38+02:00,8,8,303,B
job-430,2025-09-17T20:59:38+02:00,2,29,137,
job-431,2025-09-17T20:59:40+02:00,1,1,40,
job-432,2025-09-17T20:59:41+02:00,11,10,203,B
job-433,2025-09-17T20:59:42+02:00,2,28,149,
job-434,2025-09-17T20:59:44+02:00,9,8,364,B
job-435,2025-09-17T20:59:46+02:00,2,23,128,
job-436,2025-09-17T20:59:46+02:00,4,9,564,A
job-437,2025-09-17T20:59:48+02:00,1,1,57,
job-438,2025-09-17T20:59:48+02:00,14,12,318,B
job-439,2025-09-17T20:59:48+02:00,2,27,136,
job-440,2025-09-17T20:59:51+02:00,7,9,417,A
job-441,2025-09-17T20:59:52+02:00,1,1,35,
job-442,2025-09-17T20:59:52+02:00,5,12,440,A
job-443,2025-09-17T20:59:52+02:00,2,26,137,
job-444,2025-09-17T20:59:53+02:00,4,8,325,A
job-445,2025-09-17T20:59:54+02:00,2,25,137,
job-446,2025-09-17T20:59:55+02:00,15,9,314,B
job-447,2025-09-17T20:59:58+02:00,2,26,172,
job-448,2025-09-17T20:59:58+02:00,16,10,356,B
job-449,2025-09-17T20:59:59+02:00,2,29,141,
job-450,2025-09-17T20:59:59+02:00,2,32,171,
job-451,2025-09-17T20:59:59+02:00,1,1,48,
job-452,2025-09-17T21:00:02+02:00,1,1,41,
job-453,2025-09-17T21:00:03+02:00,2,26,178,
job-454,2025-09-17T21:00:03+02:00,2,21,133,
job-455,2025-09-17T21:00:04+02:00,1,1,32,
job-456,2025-09-17T21:00:04+02:00,2,19,154,
job-457,2025-09-17T21:00:05+02:00,12,8,245,B
job-458,2025-09-17T21:00:06+02:00,4,9,363,A
job-459,2025-09-17T21:00:06+02:00,7,9,371,A
job-460,2025-09-17T21:00:08+02:00,1,1,37,
job-461,2025-09-17T21:00:09+02:00,13,11,268,B
job-462,2025-09-17T21:00:11+02:00,2,25,179,
job-463,2025-09-17T21:00:11+02:00,8,9,205,B
job-464,2025-09-17T21:00:13+02:00,2,22,131,
job-465,2025-09-17T21:00:13+02:00,8,10,305,B
job-466,2025-09-17T21:00:13+02:00,1,1,38,
job-467,2025-09-17T21:00:13+02:00,11,11,392,B
job-468,2025-09-17T21:00:17+02:00,13,11,224,B
job-469,2025-09-17T21:00:17+02:00,7,13,454,A
job-470,2025-09-17T21:00:18+02:00,4,12,437,A
job-471,2025-09-17T21:00:18+02:00,1,1,53,
job-472,2025-09-17T21:00:19+02:00,6,11,497,A
job-473,2025-09-17T21:00:21+02:00,1,1,56,
job-474,2025-09-17T21:00:21+02:00,2,31,166,
job-475,2025-09-17T21:00:24+02:00,11,8,388,B
job-476,2025-09-17T21:00:25+02:00,8,9,581,A
job-477,2025-09-17T21:00:26+02:00,10,10,262,B
job-478,2025-09-17T21:00:27+02:00,9,9,372,B
job-479,2025-09-17T21:00:29+02:00,1,1,40,
job-480,2025-09-17T21:00:29+02:00,1,1,31,
job-481,2025-09-17T21:00:30+02:00,2,24,175,
job-482,2025-09-17T21:00:32+02:00,2,24,134,
job-483,2025-09-17T21:00:32+02:00,1,1,49,
job-484,2025-09-17T21:00:32+02:00,5,9,523,A
job-485,2025-09-17T21:00:35+02:00,1,1,35,
job-486,2025-09-17T21:00:36+02:00,2,19,122,
job-487,2025-09-17T21:00:37+02:00,11,8,342,B
job-488,2025-09-17T21:00:37+02:00,1,1,53,
job-489,2025-09-17T21:00:37+02:00,7,7,338,A
job-490,2025-09-17T21:00:38+02:00,1,1,34,
job-491,2025-09-17T21:00:39+02:00,1,1,51,
job-492,2025-09-17T21:00:40+02:00,2,18,167,
job-493,2025-09-17T21:00:40+02:00,2,27,176,
job-494,2025-09-17T21:00:42+02:00,4,5,328,A
job-495,2025-09-17T21:00:43+02:00,1,1,43,
job-496,2025-09-17T21:00:44+02:00,10,8,342,B
job-497,2025-09-17T21:00:44+02:00,2,32,138,
job-498,2025-09-17T21:00:45+02:00,8,10,263,B
job-499,2025-09-17T21:00:48+02:00,2,28,171,
job-500,2025-09-17T21:00:48+02:00,1,1,59,
job-501,2025-09-17T21:00:51+02:00,1,1,51,
job-502,2025-09-17T21:00:54+02:00,9,9,350,B
job-503,2025-09-17T21:00:54+02:00,2,29,150,
job-504,2025-09-17T21:00:54+02:00,8,6,480,A
job-505,2025-09-17T21:00:54+02:00,2,23,140,
job-506,2025-09-17T21:00:56+02:00,7,9,309,A
job-507,2025-09-17T21:00:56+02:00,2,18,173,
job-508,2025-09-17T21:00:57+02:00,9,12,254,B
job-509,2025-09-17T21:00:57+02:00,2,31,162,
job-510,2025-09-17T21:00:58+02:00,15,11,209,B
job-511,2025-09-17T21:00:59+02:00,4,8,430,A
job-512,2025-09-17T21:00:59+02:00,8,5,580,A
job-513,2025-09-17T21:01:01+02:00,2,24,128,
job-514,2025-09-17T21:01:02+02:00,8,11,354,B
job-515,2025-09-17T21:01:02+02:00,8,9,556,A
job-516,2025-09-17T21:01:02+02:00,2,30,171,
job-517,2025-09-17T21:01:03+02:00,1,1,57,
job-518,2025-09-17T21:01:03+02:00,6,8,487,A
job-519,2025-09-17T21:01:03+02:00,8,10,315,B
job-520,2025-09-17T21:01:04+02:00,1,1,57,
job-521,2025-09-17T21:01:05+02:00,9,8,270,B
job-522,2025-09-17T21:01:06+02:00,2,28,121,
job-523,2025-09-17T21:01:06+02:00,7,4,378,A
job-524,2025-09-17T21:01:06+02:00,11,10,339,B
job-525,2025-09-17T21:01:07+02:00,5,15,302,A
job-526,2025-09-17T21:01:08+02:00,1,1,37,
job-527,2025-09-17T21:01:08+02:00,2,20,177,
job-528,2025-09-17T21:01:09+02:00,2,31,145,
job-529,2025-09-17T21:01:09+02:00,1,1,42,
job-530,2025-09-17T21:01:10+02:00,13,10,352,B
job-531,2025-09-17T21:01:10+02:00,2,17,126,
job-532,2025-09-17T21:01:12+02:00,2,17,129,
job-533,2025-09-17T21:01:14+02:00,13,9,227,B
job-534,2025-09-17T21:01:14+02:00,15,8,305,B
job-535,2025-09-17T21:01:16+02:00,8,11,301,B
job-536,2025-09-17T21:01:18+02:00,1,1,31,
job-537,2025-09-17T21:01:22+02:00,2,25,174,
job-538,2025-09-17T21:01:22+02:00,2,19,159,
job-539,2025-09-17T21:01:25+02:00,1,1,53,
job-540,2025-09-17T21:01:29+02:00,15,11,370,B
job-541,2025-09-17T21:01:30+02:00,1,1,57,
job-542,2025-09-17T21:01:30+02:00,12,11,362,B
job-543,2025-09-17T21:01:32+02:00,5,12,536,A
job-544,2025-09-17T21:01:32+02:00,4,4,346,A
job-545,2025-09-17T21:01:32+02:00,2,16,132,
job-546,2025-09-17T21:01:32+02:00,4,7,404,A
job-547,2025-09-17T21:01:34+02:00,2,16,137,
job-548,2025-09-17T21:01:35+02:00,1,1,36,
job-549,2025-09-17T21:01:38+02:00,14,10,229,B
job-550,2025-09-17T21:01:38+02:00,1,1,51,
job-551,2025-09-17T21:01:40+02:00,2,23,121,
job-552,2025-09-17T21:01:42+02:00,5,14,441,A
job-553,2025-09-17T21:01:42+02:00,7,15,509,A
job-554,2025-09-17T21:01:43+02:00,8,8,291,B
job-555,2025-09-17T21:01:44+02:00,10,11,244,B
job-556,2025-09-17T21:01:44+02:00,7,6,594,A
job-557,2025-09-17T21:01:45+02:00,5,7,468,A
job-558,2025-09-17T21:01:45+02:00,4,6,527,A
job-559,2025-09-17T21:01:45+02:00,1,1,57,
job-560,2025-09-17T21:01:46+02:00,1,1,36,
job-561,2025-09-17T21:01:48+02:00,13,8,335,B
job-562,2025-09-17T21:01:48+02:00,6,5,524,A
job-563,2025-09-17T21:01:49+02:00,4,15,430,A
job-564,2025-09-17T21:01:49+02:00,8,9,592,A
job-565,2025-09-17T21:01:49+02:00,12,9,251,B
job-566,2025-09-17T21:01:49+02:00,7,12,373,A
job-567,2025-09-17T21:01:49+02:00,1,1,35,
job-568,2025-09-17T21:01:50+02:00,14,8,351,B
job-569,2025-09-17T21:01:52+02:00,1,1,53,
job-570,2025-09-17T21:01:53+02:00,6,10,466,A
job-571,2025-09-17T21:01:53+02:00,2,24,177,
job-572,2025-09-17T21:01:54+02:00,10,8,368,B
job-573,2025-09-17T21:01:54+02:00,2,30,169,
job-574,2025-09-17T21:01:55+02:00,14,11,234,B
job-575,2025-09-17T21:01:57+02:00,1,1,40,
job-576,2025-09-17T21:01:57+02:00,1,1,35,
job-577,2025-09-17T21:01:58+02:00,2,29,170,
job-578,2025-09-17T21:02:02+02:00,16,9,248,B
job-579,2025-09-17T21:02:03+02:00,2,20,135,
job-580,2025-09-17T21:02:03+02:00,1,1,34,
job-581,2025-09-17T21:02:04+02:00,1,1,44,
job-582,2025-09-17T21:02:04+02:00,1,1,47,
job-583,2025-09-17T21:02:05+02:00,4,6,550,A
job-584,2025-09-17T21:02:06+02:00,13,8,221,B
job-585,2025-09-17T21:02:06+02:00,1,1,42,
job-586,2025-09-17T21:02:08+02:00,2,16,164,
job-587,2025-09-17T21:02:08+02:00,1,1,32,
job-588,2025-09-17T21:02:08+02:00,2,30,131,
job-589,2025-09-17T21:02:09+02:00,9,12,244,B
job-590,2025-09-17T21:02:09+02:00,2,30,144,
job-591,2025-09-17T21:02:10+02:00,2,20,168,
job-592,2025-09-17T21:02:12+02:00,16,8,302,B
job-593,2025-09-17T21:02:12+02:00,1,1,44,
job-594,2025-09-17T21:02:14+02:00,12,8,258,B
job-595,2025-09-17T21:02:17+02:00,6,15,593,A
job-596,2025-09-17T21:02:18+02:00,1,1,45,
job-597,2025-09-17T21:02:19+02:00,1,1,47,
job-598,2025-09-17T21:02:20+02:00,16,11,223,B
job-599,2025-09-17T21:02:20+02:00,2,32,145,
job-600,2025-09-17T21:02:20+02:00,2,18,135,
job-601,2025-09-17T21:02:23+02:00,14,12,307,B
job-602,2025-09-17T21:02:24+02:00,1,1,45,
job-603,2025-09-17T21:02:24+02:00,15,11,290,B
job-604,2025-09-17T21:02:26+02:00,2,19,127,
job-605,2025-09-17T21:02:27+02:00,1,1,54,
job-606,2025-09-17T21:02:29+02:00,2,29,147,
job-607,2025-09-17T21:02:29+02:00,2,32,173,
job-608,2025-09-17T21:02:33+02:00,13,8,320,B
job-609,2025-09-17T21:02:37+02:00,10,11,221,B
job-610,2025-09-17T21:02:37+02:00,9,12,381,B
job-611,2025-09-17T21:02:37+02:00,4,8,378,A
job-612,2025-09-17T21:02:38+02:00,4,8,347,A
job-613,2025-09-17T21:02:38+02:00,1,1,58,
job-614,2025-09-17T21:02:38+02:00,6,10,432,A
job-615,2025-09-17T21:02:40+02:00,11,11,322,B
job-616,2025-09-17T21:02:40+02:00,2,31,140,
job-617,2025-09-17T21:02:43+02:00,1,1,39,
job-618,2025-09-17T21:02:43+02:00,5,9,571,A
job-619,2025-09-17T21:02:44+02:00,1,1,35,
job-620,2025-09-17T21:02:45+02:00,11,11,211,B
job-621,2025-09-17T21:02:46+02:00,1,1,48,
job-622,2025-09-17T21:02:46+02:00,9,8,328,B
job-623,2025-09-17T21:02:48+02:00,8,7,479,A
job-624,2025-09-17T21:02:49+02:00,6,14,591,A
job-625,2025-09-17T21:02:52+02:00,7,11,549,A
job-626,2025-09-17T21:02:53+02:00,5,9,388,A
job-627,2025-09-17T21:02:54+02:00,8,7,591,A
job-628,2025-09-17T21:02:56+02:00,1,1,37,
job-629,2025-09-17T21:02:56+02:00,7,10,419,A
job-630,2025-09-17T21:02:57+02:00,2,31,178,
job-631,2025-09-17T21:02:58+02:00,15,12,253,B
job-632,2025-09-17T21:02:58+02:00,1,1,31,
job-633,2025-09-17T21:03:00+02:00,10,8,221,B
job-634,2025-09-17T21:03:01+02:00,1,1,52,
job-635,2025-09-17T21:03:02+02:00,1,1,35,
job-636,2025-09-17T21:03:02+02:00,2,30,124,
job-637,2025-09-17T21:03:03+02:00,5,14,435,A
job-638,2025-09-17T21:03:05+02:00,2,22,125,
job-639,2025-09-17T21:03:05+02:00,2,18,121,
job-640,2025-09-17T21:03:06+02:00,1,1,54,
job-641,2025-09-17T21:03:09+02:00,1,1,41,
job-642,2025-09-17T21:03:09+02:00,4,14,374,A
job-643,2025-09-17T21:03:11+02:00,8,8,225,B
job-644,2025-09-17T21:03:11+02:00,2,24,144,
job-645,2025-09-17T21:03:12+02:00,1,1,33,
job-646,2025-09-17T21:03:15+02:00,2,16,142,
job-647,2025-09-17T21:03:15+02:00,2,28,142,
job-648,2025-09-17T21:03:15+02:00,1,1,44,
job-649,2025-09-17T21:03:15+02:00,1,1,58,
job-650,2025-09-17T21:03:16+02:00,12,10,280,B
job-651,2025-09-17T21:03:16+02:00,1,1,46,
job-652,2025-09-17T21:03:17+02:00,2,29,175,
job-653,2025-09-17T21:03:18+02:00,12,9,228,B
job-654,2025-09-17T21:03:19+02:00,9,9,214,B
job-655,2025-09-17T21:03:20+02:00,15,10,369,B
job-656,2025-09-17T21:03:20+02:00,2,24,177,
job-657,2025-09-17T21:03:20+02:00,1,1,59,
job-658,2025-09-17T21:03:21+02:00,13,12,390,B
job-659,2025-09-17T21:03:21+02:00,1,1,42,
job-660,2025-09-17T21:03:22+02:00,1,1,40,
job-661,2025-09-17T21:03:25+02:00,4,7,531,A
job-662,2025-09-17T21:03:26+02:00,1,1,59,
job-663,2025-09-17T21:03:26+02:00,2,29,126,
job-664,2025-09-17T21:03:26+02:00,9,10,364,B
job-665,2025-09-17T21:03:27+02:00,1,1,32,
job-666,2025-09-17T21:03:31+02:00,2,21,176,
job-667,2025-09-17T21:03:32+02:00,1,1,40,
job-668,2025-09-17T21:03:33+02:00,12,8,331,B
job-669,2025-09-17T21:03:33+02:00,1,1,30,
job-670,2025-09-17T21:03:34+02:00,1,1,57,
job-671,2025-09-17T21:03:35+02:00,13,10,216,B
job-672,2025-09-17T21:03:35+02:00,1,1,41,
job-673,2025-09-17T21:03:35+02:00,1,1,56,
job-674,2025-09-17T21:03:36+02:00,1,1,54,
job-675,2025-09-17T21:03:36+02:00,2,29,127,
job-676,2025-09-17T21:03:38+02:00,1,1,37,
job-677,2025-09-17T21:03:39+02:00,4,5,391,A
job-678,2025-09-17T21:03:39+02:00,1,1,54,
job-679,2025-09-17T21:03:40+02:00,1,1,57,
job-680,2025-09-17T21:03:41+02:00,15,8,234,B
job-681,2025-09-17T21:03:42+02:00,8,10,207,B
job-682,2025-09-17T21:03:43+02:00,1,1,55,
job-683,2025-09-17T21:03:45+02:00,1,1,39,
job-684,2025-09-17T21:03:46+02:00,2,28,130,
job-685,2025-09-17T21:03:46+02:00,7,10,332,A
job-686,2025-09-17T21:03:47+02:00,6,13,403,A
job-687,2025-09-17T21:03:47+02:00,11,12,341,B
job-688,2025-09-17T21:03:48+02:00,9,8,249,B
job-689,2025-09-17T21:03:49+02:00,2,16,124,
job-690,2025-09-17T21:03:50+02:00,2,18,133,
job-691,2025-09-17T21:03:51+02:00,2,32,168,
job-692,2025-09-17T21:03:51+02:00,11,8,214,B
job-693,2025-09-17T21:03:54+02:00,14,8,343,B
job-694,2025-09-17T21:03:55+02:00,1,1,50,
job-695,2025-09-17T21:03:58+02:00,1,1,46,
job-696,2025-09-17T21:03:59+02:00,11,9,313,B
job-697,2025-09-17T21:04:00+02:00,1,1,35,
job-698,2025-09-17T21:04:01+02:00,2,31,159,
job-699,2025-09-17T21:04:02+02:00,9,12,363,B
job-700,2025-09-17T21:04:05+02:00,1,1,40,
job-701,2025-09-17T21:04:05+02:00,10,12,322,B
job-702,2025-09-17T21:04:06+02:00,14,10,241,B
job-703,2025-09-17T21:04:06+02:00,14,10,311,B
job-704,2025-09-17T21:04:06+02:00,2,28,176,
job-705,2025-09-17T21:04:07+02:00,4,13,522,A
job-706,2025-09-17T21:04:08+02:00,2,31,156,
job-707,2025-09-17T21:04:08+02:00,2,27,144,
job-708,2025-09-17T21:04:09+02:00,1,1,47,
job-709,2025-09-17T21:04:09+02:00,12,10,238,B
job-710,2025-09-17T21:04:12+02:00,2,30,166,
job-711,2025-09-17T21:04:12+02:00,6,15,326,A
job-712,2025-09-17T21:04:16+02:00,2,28,160,
job-713,2025-09-17T21:04:19+02:00,4,7,316,A
job-714,2025-09-17T21:04:19+02:00,13,12,295,B
job-715,2025-09-17T21:04:21+02:00,5,16,319,A
job-716,2025-09-17T21:04:22+02:00,5,13,450,A
job-717,2025-09-17T21:04:23+02:00,2,16,130,
job-718,2025-09-17T21:04:23+02:00,2,16,138,
job-719,2025-09-17T21:04:23+02:00,2,17,124,
job-720,2025-09-17T21:04:24+02:00,2,26,130,
job-721,2025-09-17T21:04:24+02:00,8,8,309,B
job-722,2025-09-17T21:04:26+02:00,16,9,305,B
job-723,2025-09-17T21:04:27+02:00,16,9,316,B
job-724,2025-09-17T21:04:28+02:00,6,9,512,A
job-725,2025-09-17T21:04:31+02:00,9,8,381,B
job-726,2025-09-17T21:04:31+02:00,4,6,535,A
job-727,2025-09-17T21:04:32+02:00,7,11,302,A
job-728,2025-09-17T21:04:32+02:00,8,9,397,B
job-729,2025-09-17T21:04:33+02:00,2,19,176,
job-730,2025-09-17T21:04:33+02:00,7,14,597,A
job-731,2025-09-17T21:04:34+02:00,2,19,167,
job-732,2025-09-17T21:04:36+02:00,1,1,53,
job-733,2025-09-17T21:04:37+02:00,13,9,364,B
job-734,2025-09-17T21:04:37+02:00,2,27,137,
job-735,2025-09-17T21:04:39+02:00,1,1,38,
job-736,2025-09-17T21:04:39+02:00,8,12,267,B
job-737,2025-09-17T21:04:40+02:00,1,1,36,
job-738,2025-09-17T21:04:41+02:00,12,8,316,B
job-739,2025-09-17T21:04:41+02:00,8,11,260,B
job-740,2025-09-17T21:04:42+02:00,2,25,175,
job-741,2025-09-17T21:04:42+02:00,5,13,400,A
job-742,2025-09-17T21:04:43+02:00,1,1,50,
job-743,2025-09-17T21:04:43+02:00,1,1,30,
job-744,2025-09-17T21:04:43+02:00,4,13,386,A
job-745,2025-09-17T21:04:43+02:00,7,9,487,A
job-746,2025-09-17T21:04:44+02:00,1,1,56,
job-747,2025-09-17T21:04:45+02:00,8,11,238,B
job-748,2025-09-17T21:04:45+02:00,14,9,374,B
job-749,2025-09-17T21:04:46+02:00,10,8,381,B
job-750,2025-09-17T21:04:48+02:00,2,18,124,
job-751,2025-09-17T21:04:48+02:00,1,1,51,
job-752,2025-09-17T21:04:48+02:00,2,30,145,
job-753,2025-09-17T21:04:49+02:00,15,11,373,B
job-754,2025-09-17T21:04:51+02:00,1,1,43,
job-755,2025-09-17T21:04:53+02:00,4,5,458,A
job-756,2025-09-17T21:04:53+02:00,10,8,342,B
job-757,2025-09-17T21:04:53+02:00,1,1,40,
job-758,2025-09-17T21:04:53+02:00,2,18,141,
job-759,2025-09-17T21:04:54+02:00,11,8,266,B
job-760,2025-09-17T21:04:55+02:00,2,20,157,
job-761,2025-09-17T21:04:57+02:00,1,1,45,
job-762,2025-09-17T21:04:58+02:00,16,12,381,B
job-763,2025-09-17T21:04:58+02:00,13,9,206,B
job-764,2025-09-17T21:04:59+02:00,6,14,589,A
job-765,2025-09-17T21:05:01+02:00,2,18,155,
job-766,2025-09-17T21:05:02+02:00,1,1,32,
job-767,2025-09-17T21:05:04+02:00,2,30,149,
job-768,2025-09-17T21:05:04+02:00,10,8,300,B
job-769,2025-09-17T21:05:05+02:00,16,9,273,B
job-770,2025-09-17T21:05:09+02:00,11,12,297,B
job-771,2025-09-17T21:05:10+02:00,2,28,165,
job-772,2025-09-17T21:05:10+02:00,1,1,31,
job-773,2025-09-17T21:05:12+02:00,11,11,380,B
job-774,2025-09-17T21:05:12+02:00,13,12,368,B
job-775,2025-09-17T21:05:12+02:00,1,1,44,
job-776,2025-09-17T21:05:14+02:00,2,27,139,
job-777,2025-09-17T21:05:17+02:00,12,12,259,B
job-778,2025-09-17T21:05:22+02:00,6,6,582,A
job-779,2025-09-17T21:05:22+02:00,6,10,351,A
job-780,2025-09-17T21:05:22+02:00,1,1,35,
job-781,2025-09-17T21:05:24+02:00,8,13,401,A
job-782,2025-09-17T21:05:26+02:00,1,1,57,
job-783,2025-09-17T21:05:27+02:00,12,9,352,B
job-784,2025-09-17T21:05:27+02:00,4,11,443,A
job-785,2025-09-17T21:05:27+02:00,2,31,147,
job-786,2025-09-17T21:05:28+02:00,2,16,131,
job-787,2025-09-17T21:05:30+02:00,2,29,130,
job-788,2025-09-17T21:05:30+02:00,8,11,397,A
job-789,2025-09-17T21:05:31+02:00,8,11,323,B
job-790,2025-09-17T21:05:32+02:00,4,6,403,A
job-791,2025-09-17T21:05:33+02:00,2,16,158,
job-792,2025-09-17T21:05:34+02:00,14,9,314,B
job-793,2025-09-17T21:05:35+02:00,12,10,298,B
job-794,2025-09-17T21:05:35+02:00,2,21,158,
job-795,2025-09-17T21:05:36+02:00,1,1,31,
job-796,2025-09-17T21:05:39+02:00,1,1,59,
job-797,2025-09-17T21:05:39+02:00,2,32,133,
job-798,2025-09-17T21:05:40+02:00,1,1,47,
job-799,2025-09-17T21:05:40+02:00,2,26,124,
job-800,2025-09-17T21:05:42+02:00,2,29,152,
job-801,2025-09-17T21:05:43+02:00,4,15,557,A
job-802,2025-09-17T21:05:43+02:00,10,10,397,B
job-803,2025-09-17T21:05:43+02:00,2,29,131,
job-804,2025-09-17T21:05:43+02:00,2,26,125,
job-805,2025-09-17T21:05:43+02:00,7,14,452,A
job-806,2025-09-17T21:05:44+02:00,1,1,49,
job-807,2025-09-17T21:05:44+02:00,13,12,214,B
job-808,2025-09-17T21:05:45+02:00,7,10,441,A
job-809,2025-09-17T21:05:47+02:00,10,9,244,B
job-810,2025-09-17T21:05:50+02:00,2,27,146,
job-811,2025-09-17T21:05:51+02:00,1,1,52,
job-812,2025-09-17T21:05:51+02:00,11,10,296,B
job-813,2025-09-17T21:05:52+02:00,7,16,335,A
job-814,2025-09-17T21:05:52+02:00,11,10,286,B
job-815,2025-09-17T21:05:53+02:00,14,9,230,B
job-816,2025-09-17T21:05:54+02:00,2,31,176,
job-817,2025-09-17T21:05:54+02:00,2,28,153,
job-818,2025-09-17T21:05:54+02:00,2,17,163,
job-819,2025-09-17T21:05:55+02:00,1,1,45,
job-820,2025-09-17T21:05:55+02:00,1,1,34,
job-821,2025-09-17T21:05:55+02:00,16,9,329,B
job-822,2025-09-17T21:05:56+02:00,1,1,41,
job-823,2025-09-17T21:05:57+02:00,5,10,547,A
job-824,2025-09-17T21:05:57+02:00,2,21,150,
job-825,2025-09-17T21:05:57+02:00,10,9,230,B
job-826,2025-09-17T21:05:57+02:00,5,13,596,A
job-827,2025-09-17T21:05:58+02:00,5,7,556,A
job-828,2025-09-17T21:05:58+02:00,2,25,129,
job-829,2025-09-17T21:05:59+02:00,12,8,371,B
job-830,2025-09-17T21:06:02+02:00,1,1,42,
job-831,2025-09-17T21:06:02+02:00,1,1,53,
job-832,2025-09-17T21:06:02+02:00,1,1,36,
job-833,2025-09-17T21:06:02+02:00,7,5,572,A
job-834,2025-09-17T21:06:03+02:00,15,10,317,B
job-835,2025-09-17T21:06:03+02:00,1,1,40,
job-836,2025-09-17T21:06:04+02:00,15,8,219,B
job-837,2025-09-17T21:06:06+02:00,1,1,32,
job-838,2025-09-17T21:06:06+02:00,2,32,124,
job-839,2025-09-17T21:06:08+02:00,11,10,328,B
job-840,2025-09-17T21:06:13+02:00,6,9,352,A
job-841,2025-09-17T21:06:13+02:00,2,31,154,
job-842,2025-09-17T21:06:15+02:00,14,8,241,B
job-843,2025-09-17T21:06:16+02:00,4,13,434,A
job-844,2025-09-17T21:06:16+02:00,2,24,146,
job-845,2025-09-17T21:06:17+02:00,12,11,333,B
job-846,2025-09-17T21:06:17+02:00,1,1,48,
job-847,2025-09-17T21:06:18+02:00,1,1,42,
job-848,2025-09-17T21:06:19+02:00,5,11,365,A
job-849,2025-09-17T21:06:20+02:00,13,11,313,B
job-850,2025-09-17T21:06:20+02:00,1,1,35,
job-851,2025-09-17T21:06:22+02:00,6,13,352,A
job-852,2025-09-17T21:06:25+02:00,15,10,253,B
job-853,2025-09-17T21:06:26+02:00,2,23,155,
job-854,2025-09-17T21:06:26+02:00,1,1,38,
job-855,2025-09-17T21:06:26+02:00,2,19,139,
job-856,2025-09-17T21:06:27+02:00,7,4,303,A
job-857,2025-09-17T21:06:27+02:00,16,9,319,B
job-858,2025-09-17T21:06:28+02:00,2,27,168,
job-859,2025-09-17T21:06:29+02:00,8,13,402,A
job-860,2025-09-17T21:06:32+02:00,1,1,42,
job-861,2025-09-17T21:06:33+02:00,15,12,378,B
job-862,2025-09-17T21:06:33+02:00,2,23,146,
job-863,2025-09-17T21:06:34+02:00,1,1,36,
job-864,2025-09-17T21:06:35+02:00,7,10,341,A
job-865,2025-09-17T21:06:35+02:00,7,4,322,A
job-866,2025-09-17T21:06:35+02:00,10,10,293,B
job-867,2025-09-17T21:06:36+02:00,5,14,331,A
job-868,2025-09-17T21:06:37+02:00,1,1,47,
job-869,2025-09-17T21:06:37+02:00,1,1,33,
job-870,2025-09-17T21:06:39+02:00,11,9,277,B
job-871,2025-09-17T21:06:39+02:00,2,31,147,
job-872,2025-09-17T21:06:40+02:00,7,6,580,A
job-873,2025-09-17T21:06:41+02:00,1,1,53,
job-874,2025-09-17T21:06:45+02:00,4,10,405,A
job-875,2025-09-17T21:06:46+02:00,4,8,528,A
job-876,2025-09-17T21:06:48+02:00,1,1,36,
job-877,2025-09-17T21:06:49+02:00,4,6,486,A
job-878,2025-09-17T21:06:50+02:00,1,1,40,
job-879,2025-09-17T21:06:50+02:00,1,1,31,
job-880,2025-09-17T21:06:50+02:00,1,1,42,
job-881,2025-09-17T21:06:51+02:00,8,5,545,A
job-882,2025-09-17T21:06:53+02:00,7,10,423,A
job-883,2025-09-17T21:06:54+02:00,8,13,382,A
job-884,2025-09-17T21:06:54+02:00,15,12,238,B
job-885,2025-09-17T21:06:55+02:00,5,14,376,A
job-886,2025-09-17T21:06:56+02:00,6,4,450,A
job-887,2025-09-17T21:06:56+02:00,4,7,535,A
job-888,2025-09-17T21:06:56+02:00,1,1,37,
job-889,2025-09-17T21:06:57+02:00,2,25,121,
job-890,2025-09-17T21:07:00+02:00,13,11,309,B
job-891,2025-09-17T21:07:00+02:00,1,1,36,
job-892,2025-09-17T21:07:01+02:00,1,1,39,
job-893,2025-09-17T21:07:02+02:00,1,1,41,
job-894,2025-09-17T21:07:05+02:00,2,20,120,
job-895,2025-09-17T21:07:07+02:00,1,1,50,
job-896,2025-09-17T21:07:08+02:00,1,1,35,
job-897,2025-09-17T21:07:10+02:00,12,10,319,B
job-898,2025-09-17T21:07:11+02:00,2,32,176,
job-899,2025-09-17T21:07:12+02:00,4,11,477,A
job-900,2025-09-17T21:07:12+02:00,1,1,39,
job-901,2025-09-17T21:07:13+02:00,1,1,37,
job-902,2025-09-17T21:07:16+02:00,5,7,371,A
job-903,2025-09-17T21:07:16+02:00,7,9,427,A
job-904,2025-09-17T21:07:17+02:00,14,9,282,B
job-905,2025-09-17T21:07:17+02:00,1,1,42,
job-906,2025-09-17T21:07:17+02:00,1,1,37,
job-907,2025-09-17T21:07:18+02:00,4,4,351,A
job-908,2025-09-17T21:07:18+02:00,12,8,213,B
job-909,2025-09-17T21:07:18+02:00,1,1,43,
job-910,2025-09-17T21:07:20+02:00,7,5,362,A
job-911,2025-09-17T21:07:21+02:00,2,21,135,
job-912,2025-09-17T21:07:23+02:00,6,16,314,A
job-913,2025-09-17T21:07:24+02:00,7,7,566,A
job-914,2025-09-17T21:07:25+02:00,14,11,260,B
job-915,2025-09-17T21:07:26+02:00,2,28,135,
job-916,2025-09-17T21:07:26+02:00,15,8,369,B
job-917,2025-09-17T21:07:27+02:00,1,1,51,
job-918,2025-09-17T21:07:30+02:00,2,23,158,
job-919,2025-09-17T21:07:32+02:00,1,1,52,
job-920,2025-09-17T21:07:32+02:00,2,30,175,
job-921,2025-09-17T21:07:32+02:00,13,8,281,B
job-922,2025-09-17T21:07:34+02:00,1,1,59,
job-923,2025-09-17T21:07:36+02:00,1,1,54,
job-924,2025-09-17T21:07:36+02:00,7,7,581,A
job-925,2025-09-17T21:07:37+02:00,15,11,206,B
job-926,2025-09-17T21:07:37+02:00,6,8,370,A
job-927,2025-09-17T21:07:38+02:00,2,19,140,
job-928,2025-09-17T21:07:39+02:00,11,9,267,B
job-929,2025-09-17T21:07:39+02:00,2,28,124,
job-930,2025-09-17T21:07:40+02:00,5,16,312,A
job-931,2025-09-17T21:07:41+02:00,1,1,54,
job-932,2025-09-17T21:07:42+02:00,4,12,425,A
job-933,2025-09-17T21:07:42+02:00,15,10,381,B
job-934,2025-09-17T21:07:44+02:00,2,27,146,
job-935,2025-09-17T21:07:45+02:00,2,23,144,
job-936,2025-09-17T21:07:46+02:00,2,18,170,
job-937,2025-09-17T21:07:48+02:00,6,6,497,A
job-938,2025-09-17T21:07:51+02:00,1,1,31,
job-939,2025-09-17T21:07:54+02:00,5,9,341,A
job-940,2025-09-17T21:07:54+02:00,2,31,140,
job-941,2025-09-17T21:07:55+02:00,6,15,406,A
job-942,2025-09-17T21:07:55+02:00,15,8,330,B
job-943,2025-09-17T21:07:56+02:00,8,8,594,A
job-944,2025-09-17T21:07:57+02:00,1,1,56,
job-945,2025-09-17T21:07:58+02:00,5,13,497,A
job-946,2025-09-17T21:07:58+02:00,1,1,48,
job-947,2025-09-17T21:08:02+02:00,10,11,396,B
job-948,2025-09-17T21:08:04+02:00,5,8,452,A
job-949,2025-09-17T21:08:06+02:00,11,10,380,B
job-950,2025-09-17T21:08:08+02:00,7,12,313,A
job-951,2025-09-17T21:08:09+02:00,15,12,249,B
job-952,2025-09-17T21:08:09+02:00,2,30,155,
job-953,2025-09-17T21:08:10+02:00,5,12,312,A
job-954,2025-09-17T21:08:11+02:00,16,11,205,B
job-955,2025-09-17T21:08:12+02:00,2,16,176,
job-956,2025-09-17T21:08:12+02:00,2,32,159,
job-957,2025-09-17T21:08:13+02:00,2,29,125,
job-958,2025-09-17T21:08:13+02:00,8,15,494,A
job-959,2025-09-17T21:08:13+02:00,10,10,396,B
job-960,2025-09-17T21:08:14+02:00,7,4,512,A
job-961,2025-09-17T21:08:14+02:00,2,29,128,
job-962,2025-09-17T21:08:16+02:00,2,20,162,
job-963,2025-09-17T21:08:18+02:00,14,8,226,B
job-964,2025-09-17T21:08:18+02:00,2,26,148,
job-965,2025-09-17T21:08:19+02:00,1,1,43,
job-966,2025-09-17T21:08:20+02:00,1,1,31,
job-967,2025-09-17T21:08:21+02:00,1,1,57,
job-968,2025-09-17T21:08:21+02:00,14,12,246,B
job-969,2025-09-17T21:08:23+02:00,1,1,51,
job-970,2025-09-17T21:08:24+02:00,5,9,488,A
job-971,2025-09-17T21:08:25+02:00,14,9,314,B
job-972,2025-09-17T21:08:25+02:00,8,12,576,A
job-973,2025-09-17T21:08:25+02:00,1,1,36,
job-974,2025-09-17T21:08:26+02:00,2,27,167,
job-975,2025-09-17T21:08:26+02:00,5,15,327,A
job-976,2025-09-17T21:08:27+02:00,1,1,49,
job-977,2025-09-17T21:08:27+02:00,2,27,127,
job-978,2025-09-17T21:08:29+02:00,1,1,48,
job-979,2025-09-17T21:08:30+02:00,12,12,372,B
job-980,2025-09-17T21:08:30+02:00,14,11,360,B
job-981,2025-09-17T21:08:31+02:00,1,1,49,
job-982,2025-09-17T21:08:31+02:00,6,9,566,A
job-983,2025-09-17T21:08:32+02:00,2,23,144,
job-984,2025-09-17T21:08:33+02:00,2,24,137,
job-985,2025-09-17T21:08:34+02:00,2,29,150,
job-986,2025-09-17T21:08:35+02:00,8,11,388,B
job-987,2025-09-17T21:08:36+02:00,2,28,171,
job-988,2025-09-17T21:08:37+02:00,2,25,138,
job-989,2025-09-17T21:08:37+02:00,1,1,46,
job-990,2025-09-17T21:08:39+02:00,10,10,317,B
job-991,2025-09-17T21:08:40+02:00,2,22,134,
job-992,2025-09-17T21:08:40+02:00,2,26,169,
job-993,2025-09-17T21:08:41+02:00,2,31,120,
job-994,2025-09-17T21:08:41+02:00,1,1,36,
job-995,2025-09-17T21:08:41+02:00,2,29,179,
job-996,2025-09-17T21:08:43+02:00,1,1,41,
job-997,2025-09-17T21:08:44+02:00,2,19,139,
job-998,2025-09-17T21:08:44+02:00,1,1,48,
job-999,2025-09-17T21:08:45+02:00,2,18,138,
