policy,job_id,site,node,queued_at,started_at,ended_at,submit,start,end,wait_s,runtime_s,queue_seconds,energy_kwh,energy_wh,carbon_kg,carbon_g,ci_cost,ci_cost_g,source
carbonscaler,000,A,hetsched-worker,2025-11-18T12:36:25+00:00,2025-11-18T12:36:26+00:00,2025-11-18T12:36:36+00:00,2025-11-18T12:36:25+00:00,2025-11-18T12:36:26+00:00,2025-11-18T12:36:36+00:00,1.0,10.0,1.0,0.00043946457081379985,0.43946457081379986,0.0002570867739260729,0.25708677392607293,0.25708677392607293,0.25708677392607293,kubernetes
carbonscaler,001,A,hetsched-worker,2025-11-18T12:36:26+00:00,2025-11-18T12:36:28+00:00,2025-11-18T12:36:38+00:00,2025-11-18T12:36:26+00:00,2025-11-18T12:36:28+00:00,2025-11-18T12:36:38+00:00,2.0,10.0,2.0,0.00043946457081379985,0.43946457081379986,0.0002570867739260729,0.25708677392607293,0.25708677392607293,0.25708677392607293,kubernetes
carbonscaler,002,A,hetsched-worker,2025-11-18T12:36:26+00:00,2025-11-18T12:36:29+00:00,2025-11-18T12:36:39+00:00,2025-11-18T12:36:26+00:00,2025-11-18T12:36:29+00:00,2025-11-18T12:36:39+00:00,3.0,10.0,3.0,0.00043946457081379985,0.43946457081379986,0.0002570867739260729,0.25708677392607293,0.25708677392607293,0.25708677392607293,kubernetes
carbonscaler,003,A,hetsched-worker,2025-11-18T12:36:27+00:00,2025-11-18T12:36:31+00:00,2025-11-18T12:36:41+00:00,2025-11-18T12:36:27+00:00,2025-11-18T12:36:31+00:00,2025-11-18T12:36:41+00:00,4.0,10.0,4.0,0.00043946457081379985,0.43946457081379986,0.0002570867739260729,0.25708677392607293,0.25708677392607293,0.25708677392607293,kubernetes
carbonscaler,004,A,hetsched-worker,2025-11-18T12:36:27+00:00,2025-11-18T12:36:32+00:00,2025-11-18T12:36:42+00:00,2025-11-18T12:36:27+00:00,2025-11-18T12:36:32+00:00,2025-11-18T12:36:42+00:00,5.0,10.0,5.0,0.00043946457081379985,0.43946457081379986,0.0002570867739260729,0.25708677392607293,0.25708677392607293,0.25708677392607293,kubernetes
carbonscaler,005,A,hetsched-worker,2025-11-18T12:36:28+00:00,2025-11-18T12:36:35+00:00,2025-11-18T12:36:45+00:00,2025-11-18T12:36:28+00:00,2025-11-18T12:36:35+00:00,2025-11-18T12:36:45+00:00,7.0,10.0,7.0,0.00043946457081379985,0.43946457081379986,0.0002570867739260729,0.25708677392607293,0.25708677392607293,0.25708677392607293,kubernetes
carbonscaler,006,A,hetsched-worker,2025-11-18T12:36:28+00:00,2025-11-18T12:36:34+00:00,2025-11-18T12:36:44+00:00,2025-11-18T12:36:28+00:00,2025-11-18T12:36:34+00:00,2025-11-18T12:36:44+00:00,6.0,10.0,6.0,0.00043946457081379985,0.43946457081379986,0.0002570867739260729,0.25708677392607293,0.25708677392607293,0.25708677392607293,kubernetes
carbonscaler,007,A,hetsched-worker,2025-11-18T12:36:29+00:00,2025-11-18T12:36:37+00:00,2025-11-18T12:36:47+00:00,2025-11-18T12:36:29+00:00,2025-11-18T12:36:37+00:00,2025-11-18T12:36:47+00:00,8.0,10.0,8.0,0.00043946457081379985,0.43946457081379986,0.0002570867739260729,0.25708677392607293,0.25708677392607293,0.25708677392607293,kubernetes
carbonscaler,008,C,hetsched-worker2,2025-11-18T12:36:30+00:00,2025-11-18T12:36:40+00:00,2025-11-18T12:36:50+00:00,2025-11-18T12:36:30+00:00,2025-11-18T12:36:40+00:00,2025-11-18T12:36:50+00:00,10.0,10.0,10.0,0.00043946457081379985,0.43946457081379986,0.0002570867739260729,0.25708677392607293,0.25708677392607293,0.25708677392607293,kubernetes
carbonscaler,009,C,hetsched-worker2,2025-11-18T12:36:30+00:00,2025-11-18T12:36:39+00:00,2025-11-18T12:36:49+00:00,2025-11-18T12:36:30+00:00,2025-11-18T12:36:39+00:00,2025-11-18T12:36:49+00:00,9.0,10.0,9.0,0.00043946457081379985,0.43946457081379986,0.0002570867739260729,0.25708677392607293,0.25708677392607293,0.25708677392607293,kubernetes
carbonscaler,010,A,hetsched-worker,2025-11-18T12:36:32+00:00,2025-11-18T12:36:44+00:00,2025-11-18T12:36:54+00:00,2025-11-18T12:36:32+00:00,2025-11-18T12:36:44+00:00,2025-11-18T12:36:54+00:00,12.0,10.0,12.0,0.00043946457081379985,0.43946457081379986,0.0002570867739260729,0.25708677392607293,0.25708677392607293,0.25708677392607293,kubernetes
carbonscaler,011,A,hetsched-worker,2025-11-18T12:36:32+00:00,2025-11-18T12:36:44+00:00,2025-11-18T12:36:54+00:00,2025-11-18T12:36:32+00:00,2025-11-18T12:36:44+00:00,2025-11-18T12:36:54+00:00,12.0,10.0,12.0,0.00043946457081379985,0.43946457081379986,0.0002570867739260729,0.25708677392607293,0.25708677392607293,0.25708677392607293,kubernetes
carbonscaler,0110f64a-2168-410e-95c5-6f621fe59f5b,A,hetsched-worker,2025-11-18T12:34:51+00:00,2025-11-18T12:35:04+00:00,2025-11-18T12:36:04+00:00,2025-11-18T12:34:51+00:00,2025-11-18T12:35:04+00:00,2025-11-18T12:36:04+00:00,13.0,60.0,13.0,0.0,0.0,0.0,0.0,0.0,0.0,kubernetes
carbonscaler,012,A,hetsched-worker,2025-11-18T12:36:33+00:00,2025-11-18T12:36:46+00:00,2025-11-18T12:36:56+00:00,2025-11-18T12:36:33+00:00,2025-11-18T12:36:46+00:00,2025-11-18T12:36:56+00:00,13.0,10.0,13.0,0.00043946457081379985,0.43946457081379986,0.0002570867739260729,0.25708677392607293,0.25708677392607293,0.25708677392607293,kubernetes
carbonscaler,013,A,hetsched-worker,2025-11-18T12:36:34+00:00,2025-11-18T12:36:49+00:00,2025-11-18T12:36:59+00:00,2025-11-18T12:36:34+00:00,2025-11-18T12:36:49+00:00,2025-11-18T12:36:59+00:00,15.0,10.0,15.0,0.00043946457081379985,0.43946457081379986,0.0002570867739260729,0.25708677392607293,0.25708677392607293,0.25708677392607293,kubernetes
carbonscaler,014,C,hetsched-worker2,2025-11-18T12:36:34+00:00,2025-11-18T12:36:49+00:00,2025-11-18T12:36:59+00:00,2025-11-18T12:36:34+00:00,2025-11-18T12:36:49+00:00,2025-11-18T12:36:59+00:00,15.0,10.0,15.0,0.00043946457081379985,0.43946457081379986,0.0002570867739260729,0.25708677392607293,0.25708677392607293,0.25708677392607293,kubernetes
carbonscaler,015,A,hetsched-worker,2025-11-18T12:36:24+00:00,2025-11-18T12:36:25+00:00,2025-11-18T12:36:35+00:00,2025-11-18T12:36:24+00:00,2025-11-18T12:36:25+00:00,2025-11-18T12:36:35+00:00,1.0,10.0,1.0,0.00043946457081379985,0.43946457081379986,0.0002570867739260729,0.25708677392607293,0.25708677392607293,0.25708677392607293,kubernetes
carbonscaler,016,A,hetsched-worker,2025-11-18T12:36:25+00:00,2025-11-18T12:36:27+00:00,2025-11-18T12:36:37+00:00,2025-11-18T12:36:25+00:00,2025-11-18T12:36:27+00:00,2025-11-18T12:36:37+00:00,2.0,10.0,2.0,0.00043946457081379985,0.43946457081379986,0.0002570867739260729,0.25708677392607293,0.25708677392607293,0.25708677392607293,kubernetes
carbonscaler,017,C,hetsched-worker2,2025-11-18T12:36:25+00:00,2025-11-18T12:36:28+00:00,2025-11-18T12:36:38+00:00,2025-11-18T12:36:25+00:00,2025-11-18T12:36:28+00:00,2025-11-18T12:36:38+00:00,3.0,10.0,3.0,0.00043946457081379985,0.43946457081379986,0.0002570867739260729,0.25708677392607293,0.25708677392607293,0.25708677392607293,kubernetes
carbonscaler,018,A,hetsched-worker,2025-11-18T12:36:26+00:00,2025-11-18T12:36:30+00:00,2025-11-18T12:36:40+00:00,2025-11-18T12:36:26+00:00,2025-11-18T12:36:30+00:00,2025-11-18T12:36:40+00:00,4.0,10.0,4.0,0.00043946457081379985,0.43946457081379986,0.0002570867739260729,0.25708677392607293,0.25708677392607293,0.25708677392607293,kubernetes
carbonscaler,019,C,hetsched-worker2,2025-11-18T12:36:27+00:00,2025-11-18T12:36:33+00:00,2025-11-18T12:36:43+00:00,2025-11-18T12:36:27+00:00,2025-11-18T12:36:33+00:00,2025-11-18T12:36:43+00:00,6.0,10.0,6.0,0.00043946457081379985,0.43946457081379986,0.0002570867739260729,0.25708677392607293,0.25708677392607293,0.25708677392607293,kubernetes
carbonscaler,020,C,hetsched-worker2,2025-11-18T12:36:27+00:00,2025-11-18T12:36:33+00:00,2025-11-18T12:36:43+00:00,2025-11-18T12:36:27+00:00,2025-11-18T12:36:33+00:00,2025-11-18T12:36:43+00:00,6.0,10.0,6.0,0.00043946457081379985,0.43946457081379986,0.0002570867739260729,0.25708677392607293,0.25708677392607293,0.25708677392607293,kubernetes
carbonscaler,021,C,hetsched-worker2,2025-11-18T12:36:28+00:00,2025-11-18T12:36:36+00:00,2025-11-18T12:36:46+00:00,2025-11-18T12:36:28+00:00,2025-11-18T12:36:36+00:00,2025-11-18T12:36:46+00:00,8.0,10.0,8.0,0.00043946457081379985,0.43946457081379986,0.0002570867739260729,0.25708677392607293,0.25708677392607293,0.25708677392607293,kubernetes
carbonscaler,022,A,hetsched-worker,2025-11-18T12:36:28+00:00,2025-11-18T12:36:36+00:00,2025-11-18T12:36:46+00:00,2025-11-18T12:36:28+00:00,2025-11-18T12:36:36+00:00,2025-11-18T12:36:46+00:00,8.0,10.0,8.0,0.00043946457081379985,0.43946457081379986,0.0002570867739260729,0.25708677392607293,0.25708677392607293,0.25708677392607293,kubernetes
carbonscaler,023,A,hetsched-worker,2025-11-18T12:36:29+00:00,2025-11-18T12:36:38+00:00,2025-11-18T12:36:48+00:00,2025-11-18T12:36:29+00:00,2025-11-18T12:36:38+00:00,2025-11-18T12:36:48+00:00,9.0,10.0,9.0,0.00043946457081379985,0.43946457081379986,0.0002570867739260729,0.25708677392607293,0.25708677392607293,0.25708677392607293,kubernetes
carbonscaler,024,C,hetsched-worker2,2025-11-18T12:36:30+00:00,2025-11-18T12:36:41+00:00,2025-11-18T12:36:51+00:00,2025-11-18T12:36:30+00:00,2025-11-18T12:36:41+00:00,2025-11-18T12:36:51+00:00,11.0,10.0,0.158601027,0.00043946457081379985,0.43946457081379986,0.0002570867739260729,0.25708677392607293,0.25708677392607293,0.25708677392607293,kubernetes
carbonscaler,025,A,hetsched-worker,2025-11-18T12:36:30+00:00,2025-11-18T12:36:41+00:00,2025-11-18T12:36:51+00:00,2025-11-18T12:36:30+00:00,2025-11-18T12:36:41+00:00,2025-11-18T12:36:51+00:00,11.0,10.0,11.0,0.00043946457081379985,0.43946457081379986,0.0002570867739260729,0.25708677392607293,0.25708677392607293,0.25708677392607293,kubernetes
carbonscaler,026,A,hetsched-worker,2025-11-18T12:36:31+00:00,2025-11-18T12:36:42+00:00,2025-11-18T12:36:52+00:00,2025-11-18T12:36:31+00:00,2025-11-18T12:36:42+00:00,2025-11-18T12:36:52+00:00,11.0,10.0,11.0,0.00043946457081379985,0.43946457081379986,0.0002570867739260729,0.25708677392607293,0.25708677392607293,0.25708677392607293,kubernetes
carbonscaler,027,A,hetsched-worker,2025-11-18T12:36:31+00:00,2025-11-18T12:36:43+00:00,2025-11-18T12:36:53+00:00,2025-11-18T12:36:31+00:00,2025-11-18T12:36:43+00:00,2025-11-18T12:36:53+00:00,12.0,10.0,12.0,0.00043946457081379985,0.43946457081379986,0.0002570867739260729,0.25708677392607293,0.25708677392607293,0.25708677392607293,kubernetes
carbonscaler,028,C,hetsched-worker2,2025-11-18T12:36:32+00:00,2025-11-18T12:36:45+00:00,2025-11-18T12:36:55+00:00,2025-11-18T12:36:32+00:00,2025-11-18T12:36:45+00:00,2025-11-18T12:36:55+00:00,13.0,10.0,13.0,0.00043946457081379985,0.43946457081379986,0.0002570867739260729,0.25708677392607293,0.25708677392607293,0.25708677392607293,kubernetes
carbonscaler,029,C,hetsched-worker2,2025-11-18T12:36:33+00:00,2025-11-18T12:36:47+00:00,2025-11-18T12:36:57+00:00,2025-11-18T12:36:33+00:00,2025-11-18T12:36:47+00:00,2025-11-18T12:36:57+00:00,14.0,10.0,14.0,0.00043946457081379985,0.43946457081379986,0.0002570867739260729,0.25708677392607293,0.25708677392607293,0.25708677392607293,kubernetes
carbonscaler,02c4e700-6ac4-456f-bc44-8e9cf8c2f46c,A,hetsched-worker,2025-11-18T12:34:33+00:00,2025-11-18T12:34:35+00:00,2025-11-18T12:35:35+00:00,2025-11-18T12:34:33+00:00,2025-11-18T12:34:35+00:00,2025-11-18T12:35:35+00:00,2.0,60.0,2.0,0.0,0.0,0.0,0.0,0.0,0.0,kubernetes
carbonscaler,030,A,hetsched-worker,2025-11-18T12:36:33+00:00,2025-11-18T12:36:49+00:00,2025-11-18T12:36:59+00:00,2025-11-18T12:36:33+00:00,2025-11-18T12:36:49+00:00,2025-11-18T12:36:59+00:00,16.0,10.0,16.0,0.00043946457081379985,0.43946457081379986,0.0002570867739260729,0.25708677392607293,0.25708677392607293,0.25708677392607293,kubernetes
carbonscaler,031,A,hetsched-worker,2025-11-18T12:36:34+00:00,2025-11-18T12:36:50+00:00,2025-11-18T12:37:00+00:00,2025-11-18T12:36:34+00:00,2025-11-18T12:36:50+00:00,2025-11-18T12:37:00+00:00,16.0,10.0,9.25109487,0.00043946457081379985,0.43946457081379986,0.0002570867739260729,0.25708677392607293,0.25708677392607293,0.25708677392607293,kubernetes
carbonscaler,032,A,hetsched-worker,2025-11-18T12:35:15+00:00,2025-11-18T12:35:42+00:00,2025-11-18T12:35:52+00:00,2025-11-18T12:35:15+00:00,2025-11-18T12:35:42+00:00,2025-11-18T12:35:52+00:00,27.0,10.0,27.0,0.00043946457081379985,0.43946457081379986,0.0002570867739260729,0.25708677392607293,0.25708677392607293,0.25708677392607293,kubernetes
carbonscaler,033,A,hetsched-worker,2025-11-18T12:35:10+00:00,2025-11-18T12:35:42+00:00,2025-11-18T12:35:52+00:00,2025-11-18T12:35:10+00:00,2025-11-18T12:35:42+00:00,2025-11-18T12:35:52+00:00,32.0,10.0,32.0,0.00043946457081379985,0.43946457081379986,0.0002570867739260729,0.25708677392607293,0.25708677392607293,0.25708677392607293,kubernetes
carbonscaler,034,A,hetsched-worker,2025-11-18T12:35:51+00:00,2025-11-18T12:35:58+00:00,2025-11-18T12:36:08+00:00,2025-11-18T12:35:51+00:00,2025-11-18T12:35:58+00:00,2025-11-18T12:36:08+00:00,7.0,10.0,7.0,0.00043946457081379985,0.43946457081379986,0.0002570867739260729,0.25708677392607293,0.25708677392607293,0.25708677392607293,kubernetes
carbonscaler,035,C,hetsched-worker2,2025-11-18T12:35:19+00:00,2025-11-18T12:35:45+00:00,2025-11-18T12:35:55+00:00,2025-11-18T12:35:19+00:00,2025-11-18T12:35:45+00:00,2025-11-18T12:35:55+00:00,26.0,10.0,26.0,0.00043946457081379985,0.43946457081379986,0.0002570867739260729,0.25708677392607293,0.25708677392607293,0.25708677392607293,kubernetes
carbonscaler,036,A,hetsched-worker,2025-11-18T12:35:20+00:00,2025-11-18T12:35:49+00:00,2025-11-18T12:35:59+00:00,2025-11-18T12:35:20+00:00,2025-11-18T12:35:49+00:00,2025-11-18T12:35:59+00:00,29.0,10.0,6.006151205,0.00043946457081379985,0.43946457081379986,0.0002570867739260729,0.25708677392607293,0.25708677392607293,0.25708677392607293,kubernetes
carbonscaler,037,A,hetsched-worker,2025-11-18T12:35:21+00:00,2025-11-18T12:35:49+00:00,2025-11-18T12:35:59+00:00,2025-11-18T12:35:21+00:00,2025-11-18T12:35:49+00:00,2025-11-18T12:35:59+00:00,28.0,10.0,5.175025861,0.00043946457081379985,0.43946457081379986,0.0002570867739260729,0.25708677392607293,0.25708677392607293,0.25708677392607293,kubernetes
carbonscaler,038,C,hetsched-worker2,2025-11-18T12:35:16+00:00,2025-11-18T12:35:52+00:00,2025-11-18T12:36:02+00:00,2025-11-18T12:35:16+00:00,2025-11-18T12:35:52+00:00,2025-11-18T12:36:02+00:00,36.0,10.0,36.0,0.00043946457081379985,0.43946457081379986,0.0002570867739260729,0.25708677392607293,0.25708677392607293,0.25708677392607293,kubernetes
carbonscaler,039,C,hetsched-worker2,2025-11-18T12:35:14+00:00,2025-11-18T12:35:52+00:00,2025-11-18T12:36:02+00:00,2025-11-18T12:35:14+00:00,2025-11-18T12:35:52+00:00,2025-11-18T12:36:02+00:00,38.0,10.0,38.0,0.00043946457081379985,0.43946457081379986,0.0002570867739260729,0.25708677392607293,0.25708677392607293,0.25708677392607293,kubernetes
carbonscaler,040,A,hetsched-worker,2025-11-18T12:35:24+00:00,2025-11-18T12:35:54+00:00,2025-11-18T12:36:04+00:00,2025-11-18T12:35:24+00:00,2025-11-18T12:35:54+00:00,2025-11-18T12:36:04+00:00,30.0,10.0,30.0,0.00043946457081379985,0.43946457081379986,0.0002570867739260729,0.25708677392607293,0.25708677392607293,0.25708677392607293,kubernetes
carbonscaler,041,A,hetsched-worker,2025-11-18T12:35:24+00:00,2025-11-18T12:35:54+00:00,2025-11-18T12:36:04+00:00,2025-11-18T12:35:24+00:00,2025-11-18T12:35:54+00:00,2025-11-18T12:36:04+00:00,30.0,10.0,30.0,0.00043946457081379985,0.43946457081379986,0.0002570867739260729,0.25708677392607293,0.25708677392607293,0.25708677392607293,kubernetes
carbonscaler,044,A,hetsched-worker,2025-11-18T12:35:27+00:00,2025-11-18T12:35:55+00:00,2025-11-18T12:36:05+00:00,2025-11-18T12:35:27+00:00,2025-11-18T12:35:55+00:00,2025-11-18T12:36:05+00:00,28.0,10.0,28.0,0.00043946457081379985,0.43946457081379986,0.0002570867739260729,0.25708677392607293,0.25708677392607293,0.25708677392607293,kubernetes
carbonscaler,045,A,hetsched-worker,2025-11-18T12:35:28+00:00,2025-11-18T12:35:55+00:00,2025-11-18T12:36:05+00:00,2025-11-18T12:35:28+00:00,2025-11-18T12:35:55+00:00,2025-11-18T12:36:05+00:00,27.0,10.0,27.0,0.00043946457081379985,0.43946457081379986,0.0002570867739260729,0.25708677392607293,0.25708677392607293,0.25708677392607293,kubernetes
carbonscaler,048,C,hetsched-worker2,2025-11-18T12:35:33+00:00,2025-11-18T12:35:56+00:00,2025-11-18T12:36:06+00:00,2025-11-18T12:35:33+00:00,2025-11-18T12:35:56+00:00,2025-11-18T12:36:06+00:00,23.0,10.0,23.0,0.00043946457081379985,0.43946457081379986,0.0002570867739260729,0.25708677392607293,0.25708677392607293,0.25708677392607293,kubernetes
carbonscaler,049,C,hetsched-worker2,2025-11-18T12:35:35+00:00,2025-11-18T12:35:57+00:00,2025-11-18T12:36:07+00:00,2025-11-18T12:35:35+00:00,2025-11-18T12:35:57+00:00,2025-11-18T12:36:07+00:00,22.0,10.0,22.0,0.00043946457081379985,0.43946457081379986,0.0002570867739260729,0.25708677392607293,0.25708677392607293,0.25708677392607293,kubernetes
carbonscaler,050d0962-28c1-4569-b401-7315eb06ef29,A,hetsched-worker,2025-11-18T12:34:49+00:00,2025-11-18T12:35:00+00:00,2025-11-18T12:36:00+00:00,2025-11-18T12:34:49+00:00,2025-11-18T12:35:00+00:00,2025-11-18T12:36:00+00:00,11.0,60.0,11.0,0.0,0.0,0.0,0.0,0.0,0.0,kubernetes
carbonscaler,0625086c-edb6-4824-90c5-792756feefd8,A,hetsched-worker,2025-11-18T12:34:33+00:00,2025-11-18T12:34:34+00:00,2025-11-18T12:35:34+00:00,2025-11-18T12:34:33+00:00,2025-11-18T12:34:34+00:00,2025-11-18T12:35:34+00:00,1.0,60.0,1.0,0.0,0.0,0.0,0.0,0.0,0.0,kubernetes
carbonscaler,0b40f12f-556b-472a-ae7d-dbb29ce9bed2,B,themis-control-plane,2025-11-18T12:34:38+00:00,2025-11-18T12:34:41+00:00,2025-11-18T12:35:41+00:00,2025-11-18T12:34:38+00:00,2025-11-18T12:34:41+00:00,2025-11-18T12:35:41+00:00,3.0,60.0,3.0,0.0,0.0,0.0,0.0,0.0,0.0,kubernetes
carbonscaler,110a4e94-83c7-445e-b8c5-0ff21e1761aa,A,hetsched-worker,2025-11-18T12:34:55+00:00,2025-11-18T12:35:09+00:00,2025-11-18T12:36:09+00:00,2025-11-18T12:34:55+00:00,2025-11-18T12:35:09+00:00,2025-11-18T12:36:09+00:00,14.0,60.0,14.0,0.0,0.0,0.0,0.0,0.0,0.0,kubernetes
carbonscaler,14d5a83a-4c0d-4c8c-96c1-89df8295be43,B,themis-control-plane,2025-11-18T12:35:05+00:00,2025-11-18T12:35:23+00:00,2025-11-18T12:36:23+00:00,2025-11-18T12:35:05+00:00,2025-11-18T12:35:23+00:00,2025-11-18T12:36:23+00:00,18.0,60.0,18.0,0.0,0.0,0.0,0.0,0.0,0.0,kubernetes
carbonscaler,15fb8c6a-93a4-4288-9c53-2890040f79f8,B,themis-control-plane,2025-11-18T12:34:25+00:00,2025-11-18T12:34:25+00:00,2025-11-18T12:34:44+00:00,2025-11-18T12:34:25+00:00,2025-11-18T12:34:25+00:00,2025-11-18T12:34:44+00:00,0.0,19.0,0.0,0.0,0.0,0.0,0.0,0.0,0.0,kubernetes
carbonscaler,16d442cf-38e5-4e1f-87fa-dd2ee7a11ea9,B,themis-control-plane,2025-11-18T12:34:24+00:00,2025-11-18T12:34:25+00:00,2025-11-18T12:34:41+00:00,2025-11-18T12:34:24+00:00,2025-11-18T12:34:25+00:00,2025-11-18T12:34:41+00:00,1.0,16.0,1.0,0.0,0.0,0.0,0.0,0.0,0.0,kubernetes
carbonscaler,23986ff6-cb1d-47e6-8495-286035c9e677,,hetsched-worker,2025-11-18T12:36:28+00:00,2025-11-18T12:36:36+00:00,2025-11-18T12:37:36+00:00,2025-11-18T12:36:28+00:00,2025-11-18T12:36:36+00:00,2025-11-18T12:37:36+00:00,8.0,60.0,8.0,0.0,0.0,0.0,0.0,0.0,0.0,kubernetes
carbonscaler,247e28c9-e5bf-434e-9055-912f05f176fe,B,themis-control-plane,2025-11-18T12:34:26+00:00,2025-11-18T12:34:27+00:00,2025-11-18T12:34:46+00:00,2025-11-18T12:34:26+00:00,2025-11-18T12:34:27+00:00,2025-11-18T12:34:46+00:00,1.0,19.0,1.0,0.0,0.0,0.0,0.0,0.0,0.0,kubernetes
carbonscaler,2738ef2d-2ab4-4e40-93ca-38385880cbfb,B,themis-control-plane,2025-11-18T12:34:50+00:00,2025-11-18T12:35:02+00:00,2025-11-18T12:36:02+00:00,2025-11-18T12:34:50+00:00,2025-11-18T12:35:02+00:00,2025-11-18T12:36:02+00:00,12.0,60.0,12.0,0.0,0.0,0.0,0.0,0.0,0.0,kubernetes
carbonscaler,2c136d0c-5642-4b07-b38d-3ca90acf1ef8,B,themis-control-plane,2025-11-18T12:34:58+00:00,2025-11-18T12:35:12+00:00,2025-11-18T12:36:12+00:00,2025-11-18T12:34:58+00:00,2025-11-18T12:35:12+00:00,2025-11-18T12:36:12+00:00,14.0,60.0,14.0,0.0,0.0,0.0,0.0,0.0,0.0,kubernetes
carbonscaler,2cb243c2-ab69-4d9a-ac18-b0ea0ca3e3c8,A,hetsched-worker,2025-11-18T12:34:45+00:00,2025-11-18T12:34:54+00:00,2025-11-18T12:35:54+00:00,2025-11-18T12:34:45+00:00,2025-11-18T12:34:54+00:00,2025-11-18T12:35:54+00:00,9.0,60.0,9.0,0.0,0.0,0.0,0.0,0.0,0.0,kubernetes
carbonscaler,2d452c32-9c7f-4eef-96d7-85c421abf8ca,B,themis-control-plane,2025-11-18T12:34:26+00:00,2025-11-18T12:34:27+00:00,2025-11-18T12:34:45+00:00,2025-11-18T12:34:26+00:00,2025-11-18T12:34:27+00:00,2025-11-18T12:34:45+00:00,1.0,18.0,1.0,0.0,0.0,0.0,0.0,0.0,0.0,kubernetes
carbonscaler,2f4de9b2-b82b-4f50-8098-fad42fdb0bee,,hetsched-worker2,2025-11-18T12:36:33+00:00,2025-11-18T12:36:47+00:00,2025-11-18T12:37:47+00:00,2025-11-18T12:36:33+00:00,2025-11-18T12:36:47+00:00,2025-11-18T12:37:47+00:00,14.0,60.0,14.0,0.0,0.0,0.0,0.0,0.0,0.0,kubernetes
carbonscaler,33f060a4-36a7-47c7-8e8e-299ad628eb03,A,hetsched-worker,2025-11-18T12:34:58+00:00,2025-11-18T12:35:13+00:00,2025-11-18T12:36:13+00:00,2025-11-18T12:34:58+00:00,2025-11-18T12:35:13+00:00,2025-11-18T12:36:13+00:00,15.0,60.0,15.0,0.0,0.0,0.0,0.0,0.0,0.0,kubernetes
carbonscaler,358ba937-1a3e-4728-8b8a-5b845fc94b1f,,hetsched-worker,2025-11-18T12:36:25+00:00,2025-11-18T12:36:27+00:00,2025-11-18T12:37:27+00:00,2025-11-18T12:36:25+00:00,2025-11-18T12:36:27+00:00,2025-11-18T12:37:27+00:00,2.0,60.0,2.0,0.0,0.0,0.0,0.0,0.0,0.0,kubernetes
carbonscaler,389020ad-b2d5-40ca-8dfb-f928072b5344,,hetsched-worker,2025-11-18T12:36:26+00:00,2025-11-18T12:36:30+00:00,2025-11-18T12:37:30+00:00,2025-11-18T12:36:26+00:00,2025-11-18T12:36:30+00:00,2025-11-18T12:37:30+00:00,4.0,60.0,4.0,0.0,0.0,0.0,0.0,0.0,0.0,kubernetes
carbonscaler,3a54b7b1-82f7-48e8-9789-2dddefe64ff6,A,hetsched-worker,2025-11-18T12:34:48+00:00,2025-11-18T12:34:59+00:00,2025-11-18T12:35:59+00:00,2025-11-18T12:34:48+00:00,2025-11-18T12:34:59+00:00,2025-11-18T12:35:59+00:00,11.0,60.0,11.0,0.0,0.0,0.0,0.0,0.0,0.0,kubernetes
carbonscaler,3a8491ea-26aa-49f7-ae7d-f925de7f76ed,,hetsched-worker,2025-11-18T12:36:27+00:00,2025-11-18T12:36:31+00:00,2025-11-18T12:37:31+00:00,2025-11-18T12:36:27+00:00,2025-11-18T12:36:31+00:00,2025-11-18T12:37:31+00:00,4.0,60.0,4.0,0.0,0.0,0.0,0.0,0.0,0.0,kubernetes
carbonscaler,3d107a57-7148-460e-8ac4-639b7d4d6645,A,hetsched-worker,2025-11-18T12:34:55+00:00,2025-11-18T12:35:10+00:00,2025-11-18T12:36:10+00:00,2025-11-18T12:34:55+00:00,2025-11-18T12:35:10+00:00,2025-11-18T12:36:10+00:00,15.0,60.0,15.0,0.0,0.0,0.0,0.0,0.0,0.0,kubernetes
carbonscaler,3edf6916-a997-4e3c-b38b-4807c29783db,B,themis-control-plane,2025-11-18T12:34:43+00:00,2025-11-18T12:34:50+00:00,2025-11-18T12:35:12+00:00,2025-11-18T12:34:43+00:00,2025-11-18T12:34:50+00:00,2025-11-18T12:35:12+00:00,7.0,22.0,7.0,0.0,0.0,0.0,0.0,0.0,0.0,kubernetes
carbonscaler,41f70cd1-61ff-4bdc-a112-defa461aae31,,hetsched-worker,2025-11-18T12:36:32+00:00,2025-11-18T12:36:44+00:00,2025-11-18T12:37:44+00:00,2025-11-18T12:36:32+00:00,2025-11-18T12:36:44+00:00,2025-11-18T12:37:44+00:00,12.0,60.0,12.0,0.0,0.0,0.0,0.0,0.0,0.0,kubernetes
carbonscaler,43d4a3f0-07ad-4de1-973e-ebc97a2261f4,A,hetsched-worker,2025-11-18T12:35:09+00:00,2025-11-18T12:35:27+00:00,2025-11-18T12:36:27+00:00,2025-11-18T12:35:09+00:00,2025-11-18T12:35:27+00:00,2025-11-18T12:36:27+00:00,18.0,60.0,18.0,0.0,0.0,0.0,0.0,0.0,0.0,kubernetes
carbonscaler,45794621-3e39-4a7a-84cd-a890e1c58c3f,,hetsched-worker,2025-11-18T12:36:26+00:00,2025-11-18T12:36:29+00:00,2025-11-18T12:37:29+00:00,2025-11-18T12:36:26+00:00,2025-11-18T12:36:29+00:00,2025-11-18T12:37:29+00:00,3.0,60.0,3.0,0.0,0.0,0.0,0.0,0.0,0.0,kubernetes
carbonscaler,4fbc871c-5e2e-4a25-8842-53ed6c86e28d,A,hetsched-worker,2025-11-18T12:35:02+00:00,2025-11-18T12:35:17+00:00,2025-11-18T12:36:17+00:00,2025-11-18T12:35:02+00:00,2025-11-18T12:35:17+00:00,2025-11-18T12:36:17+00:00,15.0,60.0,15.0,0.0,0.0,0.0,0.0,0.0,0.0,kubernetes
carbonscaler,51c28759-ef26-4242-8d21-837944efb9e8,B,themis-control-plane,2025-11-18T12:35:05+00:00,2025-11-18T12:35:23+00:00,2025-11-18T12:35:47+00:00,2025-11-18T12:35:05+00:00,2025-11-18T12:35:23+00:00,2025-11-18T12:35:47+00:00,18.0,24.0,18.0,0.0,0.0,0.0,0.0,0.0,0.0,kubernetes
carbonscaler,53eed952-31ec-4419-9412-d96fa504f81b,B,themis-control-plane,2025-11-18T12:34:29+00:00,2025-11-18T12:34:29+00:00,2025-11-18T12:35:29+00:00,2025-11-18T12:34:29+00:00,2025-11-18T12:34:29+00:00,2025-11-18T12:35:29+00:00,0.0,60.0,0.0,0.0,0.0,0.0,0.0,0.0,0.0,kubernetes
carbonscaler,541aeeb3-b907-4c21-9f02-68c72029042b,B,themis-control-plane,2025-11-18T12:34:51+00:00,2025-11-18T12:35:03+00:00,2025-11-18T12:36:03+00:00,2025-11-18T12:34:51+00:00,2025-11-18T12:35:03+00:00,2025-11-18T12:36:03+00:00,12.0,60.0,12.0,0.0,0.0,0.0,0.0,0.0,0.0,kubernetes
carbonscaler,54dd2a65-a4fc-40ea-8a20-af35fc9757e9,B,themis-control-plane,2025-11-18T12:34:42+00:00,2025-11-18T12:34:49+00:00,2025-11-18T12:35:09+00:00,2025-11-18T12:34:42+00:00,2025-11-18T12:34:49+00:00,2025-11-18T12:35:09+00:00,7.0,20.0,7.0,0.0,0.0,0.0,0.0,0.0,0.0,kubernetes
carbonscaler,54e3fd13-312f-409c-b325-3d7f70868216,A,hetsched-worker,2025-11-18T12:34:43+00:00,2025-11-18T12:34:51+00:00,2025-11-18T12:35:51+00:00,2025-11-18T12:34:43+00:00,2025-11-18T12:34:51+00:00,2025-11-18T12:35:51+00:00,8.0,60.0,8.0,0.0,0.0,0.0,0.0,0.0,0.0,kubernetes
carbonscaler,58ad0628-3709-4058-b488-184c8de5497f,,hetsched-worker2,2025-11-18T12:36:30+00:00,2025-11-18T12:36:40+00:00,2025-11-18T12:37:40+00:00,2025-11-18T12:36:30+00:00,2025-11-18T12:36:40+00:00,2025-11-18T12:37:40+00:00,10.0,60.0,10.0,0.0,0.0,0.0,0.0,0.0,0.0,kubernetes
carbonscaler,59b2da5a-3733-4896-919f-5824197d7f91,B,themis-control-plane,2025-11-18T12:35:00+00:00,2025-11-18T12:35:15+00:00,2025-11-18T12:35:34+00:00,2025-11-18T12:35:00+00:00,2025-11-18T12:35:15+00:00,2025-11-18T12:35:34+00:00,15.0,19.0,15.0,0.0,0.0,0.0,0.0,0.0,0.0,kubernetes
carbonscaler,5d8bd354-dd77-4984-b97c-eec1114fda11,A,hetsched-worker,2025-11-18T12:34:37+00:00,2025-11-18T12:34:38+00:00,2025-11-18T12:35:38+00:00,2025-11-18T12:34:37+00:00,2025-11-18T12:34:38+00:00,2025-11-18T12:35:38+00:00,1.0,60.0,1.0,0.0,0.0,0.0,0.0,0.0,0.0,kubernetes
carbonscaler,6399339f-b412-40aa-a269-fc2eb05a69a2,A,hetsched-worker,2025-11-18T12:34:29+00:00,2025-11-18T12:34:30+00:00,2025-11-18T12:35:30+00:00,2025-11-18T12:34:29+00:00,2025-11-18T12:34:30+00:00,2025-11-18T12:35:30+00:00,1.0,60.0,1.0,0.0,0.0,0.0,0.0,0.0,0.0,kubernetes
carbonscaler,665b6dd0-6d4c-4d08-8260-72c0169132eb,B,themis-control-plane,2025-11-18T12:34:48+00:00,2025-11-18T12:34:58+00:00,2025-11-18T12:35:58+00:00,2025-11-18T12:34:48+00:00,2025-11-18T12:34:58+00:00,2025-11-18T12:35:58+00:00,10.0,60.0,10.0,0.0,0.0,0.0,0.0,0.0,0.0,kubernetes
carbonscaler,67f8466c-2246-4921-9348-a5435f965f10,B,themis-control-plane,2025-11-18T12:34:45+00:00,2025-11-18T12:34:53+00:00,2025-11-18T12:35:15+00:00,2025-11-18T12:34:45+00:00,2025-11-18T12:34:53+00:00,2025-11-18T12:35:15+00:00,8.0,22.0,8.0,0.0,0.0,0.0,0.0,0.0,0.0,kubernetes
carbonscaler,689ccc67-baee-4b46-8d76-3e2a7fa8a700,,hetsched-worker,2025-11-18T12:36:20+00:00,2025-11-18T12:36:20+00:00,2025-11-18T12:37:20+00:00,2025-11-18T12:36:20+00:00,2025-11-18T12:36:20+00:00,2025-11-18T12:37:20+00:00,0.0,60.0,0.0,0.0,0.0,0.0,0.0,0.0,0.0,kubernetes
carbonscaler,6ab87f65-8ea7-4492-8a8f-9d5016581ea9,,hetsched-worker,2025-11-18T12:36:23+00:00,2025-11-18T12:36:23+00:00,2025-11-18T12:37:23+00:00,2025-11-18T12:36:23+00:00,2025-11-18T12:36:23+00:00,2025-11-18T12:37:23+00:00,0.0,60.0,0.0,0.0,0.0,0.0,0.0,0.0,0.0,kubernetes
carbonscaler,6cb75d14-c9a1-45c2-b917-96e2d3c5debb,A,hetsched-worker,2025-11-18T12:34:56+00:00,2025-11-18T12:35:10+00:00,2025-11-18T12:36:10+00:00,2025-11-18T12:34:56+00:00,2025-11-18T12:35:10+00:00,2025-11-18T12:36:10+00:00,14.0,60.0,14.0,0.0,0.0,0.0,0.0,0.0,0.0,kubernetes
carbonscaler,6d26a1fb-bfe9-4ccf-9bb0-d162e7b6f3fc,,hetsched-worker,2025-11-18T12:36:31+00:00,2025-11-18T12:36:43+00:00,2025-11-18T12:37:43+00:00,2025-11-18T12:36:31+00:00,2025-11-18T12:36:43+00:00,2025-11-18T12:37:43+00:00,12.0,60.0,12.0,0.0,0.0,0.0,0.0,0.0,0.0,kubernetes
carbonscaler,6d65a025-e7b6-411f-bb9a-f59cfa8ae1e3,,hetsched-worker2,2025-11-18T12:36:32+00:00,2025-11-18T12:36:45+00:00,2025-11-18T12:37:45+00:00,2025-11-18T12:36:32+00:00,2025-11-18T12:36:45+00:00,2025-11-18T12:37:45+00:00,13.0,60.0,13.0,0.0,0.0,0.0,0.0,0.0,0.0,kubernetes
carbonscaler,7156cbcc-eb09-4ece-8633-8e4dbb47cb47,,hetsched-worker,2025-11-18T12:36:29+00:00,2025-11-18T12:36:37+00:00,2025-11-18T12:37:37+00:00,2025-11-18T12:36:29+00:00,2025-11-18T12:36:37+00:00,2025-11-18T12:37:37+00:00,8.0,60.0,8.0,0.0,0.0,0.0,0.0,0.0,0.0,kubernetes
carbonscaler,72b15c61-4bfa-406a-9917-6a2bd735df0f,B,themis-control-plane,2025-11-18T12:35:04+00:00,2025-11-18T12:35:21+00:00,2025-11-18T12:35:46+00:00,2025-11-18T12:35:04+00:00,2025-11-18T12:35:21+00:00,2025-11-18T12:35:46+00:00,17.0,25.0,17.0,0.0,0.0,0.0,0.0,0.0,0.0,kubernetes
carbonscaler,74579b35-9e72-4210-92b2-b9d72886c9ad,A,hetsched-worker,2025-11-18T12:34:43+00:00,2025-11-18T12:34:51+00:00,2025-11-18T12:35:51+00:00,2025-11-18T12:34:43+00:00,2025-11-18T12:34:51+00:00,2025-11-18T12:35:51+00:00,8.0,60.0,8.0,0.0,0.0,0.0,0.0,0.0,0.0,kubernetes
carbonscaler,77c15ad3-dfe2-47c9-9ebe-6ec354933f7c,A,hetsched-worker,2025-11-18T12:35:03+00:00,2025-11-18T12:35:19+00:00,2025-11-18T12:36:19+00:00,2025-11-18T12:35:03+00:00,2025-11-18T12:35:19+00:00,2025-11-18T12:36:19+00:00,16.0,60.0,16.0,0.0,0.0,0.0,0.0,0.0,0.0,kubernetes
carbonscaler,77d0fe23-f393-489a-82a4-7b6d6b25eb99,B,themis-control-plane,2025-11-18T12:35:03+00:00,2025-11-18T12:35:20+00:00,2025-11-18T12:35:44+00:00,2025-11-18T12:35:03+00:00,2025-11-18T12:35:20+00:00,2025-11-18T12:35:44+00:00,17.0,24.0,17.0,0.0,0.0,0.0,0.0,0.0,0.0,kubernetes
carbonscaler,79d77254-68ef-4315-8611-d6b9f99fe1e4,B,themis-control-plane,2025-11-18T12:34:57+00:00,2025-11-18T12:35:11+00:00,2025-11-18T12:36:11+00:00,2025-11-18T12:34:57+00:00,2025-11-18T12:35:11+00:00,2025-11-18T12:36:11+00:00,14.0,60.0,14.0,0.0,0.0,0.0,0.0,0.0,0.0,kubernetes
carbonscaler,7a010514-8eeb-4b52-b002-96dda85a2bf1,A,hetsched-worker,2025-11-18T12:34:31+00:00,2025-11-18T12:34:33+00:00,2025-11-18T12:35:33+00:00,2025-11-18T12:34:31+00:00,2025-11-18T12:34:33+00:00,2025-11-18T12:35:33+00:00,2.0,60.0,2.0,0.0,0.0,0.0,0.0,0.0,0.0,kubernetes
carbonscaler,7a06a505-4356-4b6e-a8d1-1e0d5de31286,B,themis-control-plane,2025-11-18T12:34:38+00:00,2025-11-18T12:34:40+00:00,2025-11-18T12:35:40+00:00,2025-11-18T12:34:38+00:00,2025-11-18T12:34:40+00:00,2025-11-18T12:35:40+00:00,2.0,60.0,2.0,0.0,0.0,0.0,0.0,0.0,0.0,kubernetes
carbonscaler,7a35c8d9-7711-4cbd-b93e-d27e94e1545a,B,themis-control-plane,2025-11-18T12:35:04+00:00,2025-11-18T12:35:21+00:00,2025-11-18T12:35:45+00:00,2025-11-18T12:35:04+00:00,2025-11-18T12:35:21+00:00,2025-11-18T12:35:45+00:00,17.0,24.0,17.0,0.0,0.0,0.0,0.0,0.0,0.0,kubernetes
carbonscaler,7ab48397-c190-4d5e-aff0-b8da65efe211,,hetsched-worker2,2025-11-18T12:36:27+00:00,2025-11-18T12:36:33+00:00,2025-11-18T12:37:33+00:00,2025-11-18T12:36:27+00:00,2025-11-18T12:36:33+00:00,2025-11-18T12:37:33+00:00,6.0,60.0,6.0,0.0,0.0,0.0,0.0,0.0,0.0,kubernetes
carbonscaler,7fecbb57-60c4-4639-8c23-748a43cff6b6,,hetsched-worker2,2025-11-18T12:36:27+00:00,2025-11-18T12:36:33+00:00,2025-11-18T12:37:33+00:00,2025-11-18T12:36:27+00:00,2025-11-18T12:36:33+00:00,2025-11-18T12:37:33+00:00,6.0,60.0,6.0,0.0,0.0,0.0,0.0,0.0,0.0,kubernetes
carbonscaler,82f4b2e4-6911-4597-895c-65dfb10ad7df,B,themis-control-plane,2025-11-18T12:34:44+00:00,2025-11-18T12:34:53+00:00,2025-11-18T12:35:14+00:00,2025-11-18T12:34:44+00:00,2025-11-18T12:34:53+00:00,2025-11-18T12:35:14+00:00,9.0,21.0,9.0,0.0,0.0,0.0,0.0,0.0,0.0,kubernetes
carbonscaler,845ddaae-ecc9-4ef1-8342-21278dafc64b,,hetsched-worker2,2025-11-18T12:36:28+00:00,2025-11-18T12:36:36+00:00,2025-11-18T12:37:36+00:00,2025-11-18T12:36:28+00:00,2025-11-18T12:36:36+00:00,2025-11-18T12:37:36+00:00,8.0,60.0,8.0,0.0,0.0,0.0,0.0,0.0,0.0,kubernetes
carbonscaler,8500eeef-a389-42e5-9df0-12f6fe0f18c8,B,themis-control-plane,2025-11-18T12:34:41+00:00,2025-11-18T12:34:48+00:00,2025-11-18T12:35:09+00:00,2025-11-18T12:34:41+00:00,2025-11-18T12:34:48+00:00,2025-11-18T12:35:09+00:00,7.0,21.0,7.0,0.0,0.0,0.0,0.0,0.0,0.0,kubernetes
carbonscaler,874c81de-40e4-4844-bf82-230795eeb49f,A,hetsched-worker,2025-11-18T12:34:39+00:00,2025-11-18T12:34:42+00:00,2025-11-18T12:35:42+00:00,2025-11-18T12:34:39+00:00,2025-11-18T12:34:42+00:00,2025-11-18T12:35:42+00:00,3.0,60.0,3.0,0.0,0.0,0.0,0.0,0.0,0.0,kubernetes
carbonscaler,8dceb809-5e32-4497-8e62-1c1a4024d8ec,,hetsched-worker,2025-11-18T12:36:24+00:00,2025-11-18T12:36:25+00:00,2025-11-18T12:37:25+00:00,2025-11-18T12:36:24+00:00,2025-11-18T12:36:25+00:00,2025-11-18T12:37:25+00:00,1.0,60.0,1.0,0.0,0.0,0.0,0.0,0.0,0.0,kubernetes
carbonscaler,96cdc436-fcbf-46b9-bc85-6dd74f56d966,A,hetsched-worker,2025-11-18T12:34:50+00:00,2025-11-18T12:35:01+00:00,2025-11-18T12:36:01+00:00,2025-11-18T12:34:50+00:00,2025-11-18T12:35:01+00:00,2025-11-18T12:36:01+00:00,11.0,60.0,11.0,0.0,0.0,0.0,0.0,0.0,0.0,kubernetes
carbonscaler,97272df0-e271-4d12-93c2-e06f3324acf8,,hetsched-worker,2025-11-18T12:36:30+00:00,2025-11-18T12:36:41+00:00,2025-11-18T12:37:41+00:00,2025-11-18T12:36:30+00:00,2025-11-18T12:36:41+00:00,2025-11-18T12:37:41+00:00,11.0,60.0,11.0,0.0,0.0,0.0,0.0,0.0,0.0,kubernetes
carbonscaler,97b54569-b30f-49da-9bce-880e3f6f972d,B,themis-control-plane,2025-11-18T12:34:24+00:00,2025-11-18T12:34:24+00:00,2025-11-18T12:34:38+00:00,2025-11-18T12:34:24+00:00,2025-11-18T12:34:24+00:00,2025-11-18T12:34:38+00:00,0.0,14.0,0.0,0.0,0.0,0.0,0.0,0.0,0.0,kubernetes
carbonscaler,9981a5b4-61e7-474c-98fb-486d54df908b,A,hetsched-worker,2025-11-18T12:34:52+00:00,2025-11-18T12:35:05+00:00,2025-11-18T12:36:05+00:00,2025-11-18T12:34:52+00:00,2025-11-18T12:35:05+00:00,2025-11-18T12:36:05+00:00,13.0,60.0,13.0,0.0,0.0,0.0,0.0,0.0,0.0,kubernetes
carbonscaler,9a1432e1-5776-4952-9d1f-72ec3b98012d,A,hetsched-worker,2025-11-18T12:34:46+00:00,2025-11-18T12:34:54+00:00,2025-11-18T12:35:54+00:00,2025-11-18T12:34:46+00:00,2025-11-18T12:34:54+00:00,2025-11-18T12:35:54+00:00,8.0,60.0,8.0,0.0,0.0,0.0,0.0,0.0,0.0,kubernetes
carbonscaler,a272d6bd-f537-4a9e-8d17-08a9dc07f44f,B,themis-control-plane,2025-11-18T12:34:30+00:00,2025-11-18T12:34:31+00:00,2025-11-18T12:35:31+00:00,2025-11-18T12:34:30+00:00,2025-11-18T12:34:31+00:00,2025-11-18T12:35:31+00:00,1.0,60.0,1.0,0.0,0.0,0.0,0.0,0.0,0.0,kubernetes
carbonscaler,a8ef9221-e00b-43f2-a33f-1b6833d0fa0a,,hetsched-worker,2025-11-18T12:36:26+00:00,2025-11-18T12:36:28+00:00,2025-11-18T12:37:28+00:00,2025-11-18T12:36:26+00:00,2025-11-18T12:36:28+00:00,2025-11-18T12:37:28+00:00,2.0,60.0,2.0,0.0,0.0,0.0,0.0,0.0,0.0,kubernetes
carbonscaler,a9664f72-bce7-46e2-adc8-b0e8f1c979e3,A,hetsched-worker,2025-11-18T12:35:06+00:00,2025-11-18T12:35:25+00:00,2025-11-18T12:36:25+00:00,2025-11-18T12:35:06+00:00,2025-11-18T12:35:25+00:00,2025-11-18T12:36:25+00:00,19.0,60.0,19.0,0.0,0.0,0.0,0.0,0.0,0.0,kubernetes
carbonscaler,aa984c47-e949-48fa-ba2d-a1717ad41029,A,hetsched-worker,2025-11-18T12:34:40+00:00,2025-11-18T12:34:44+00:00,2025-11-18T12:35:44+00:00,2025-11-18T12:34:40+00:00,2025-11-18T12:34:44+00:00,2025-11-18T12:35:44+00:00,4.0,60.0,4.0,0.0,0.0,0.0,0.0,0.0,0.0,kubernetes
carbonscaler,abdce50a-3f7b-4538-b2cc-606ece34b631,B,themis-control-plane,2025-11-18T12:34:46+00:00,2025-11-18T12:34:55+00:00,2025-11-18T12:35:55+00:00,2025-11-18T12:34:46+00:00,2025-11-18T12:34:55+00:00,2025-11-18T12:35:55+00:00,9.0,60.0,9.0,0.0,0.0,0.0,0.0,0.0,0.0,kubernetes
carbonscaler,b0c4248f-6a4d-49b9-824f-fcd4535815e4,,hetsched-worker,2025-11-18T12:36:12+00:00,2025-11-18T12:36:12+00:00,2025-11-18T12:36:46+00:00,2025-11-18T12:36:12+00:00,2025-11-18T12:36:12+00:00,2025-11-18T12:36:46+00:00,0.0,34.0,0.0,0.0,0.0,0.0,0.0,0.0,0.0,kubernetes
carbonscaler,b0faedad-3892-4506-8527-61269e6adca3,A,hetsched-worker,2025-11-18T12:34:59+00:00,2025-11-18T12:35:13+00:00,2025-11-18T12:36:13+00:00,2025-11-18T12:34:59+00:00,2025-11-18T12:35:13+00:00,2025-11-18T12:36:13+00:00,14.0,60.0,14.0,0.0,0.0,0.0,0.0,0.0,0.0,kubernetes
carbonscaler,b1f7ad42-8c3c-4d21-8a49-ae0371a1032b,A,hetsched-worker,2025-11-18T12:34:47+00:00,2025-11-18T12:34:57+00:00,2025-11-18T12:35:57+00:00,2025-11-18T12:34:47+00:00,2025-11-18T12:34:57+00:00,2025-11-18T12:35:57+00:00,10.0,60.0,10.0,0.0,0.0,0.0,0.0,0.0,0.0,kubernetes
carbonscaler,b4a9c586-6464-4dc3-985c-efd3f2c20932,,hetsched-worker,2025-11-18T12:36:19+00:00,2025-11-18T12:36:20+00:00,2025-11-18T12:37:20+00:00,2025-11-18T12:36:19+00:00,2025-11-18T12:36:20+00:00,2025-11-18T12:37:20+00:00,1.0,60.0,1.0,0.0,0.0,0.0,0.0,0.0,0.0,kubernetes
carbonscaler,b52855da-9c3c-40c4-a9bc-3fbb194fc874,,hetsched-worker,2025-11-18T12:36:32+00:00,2025-11-18T12:36:44+00:00,2025-11-18T12:37:44+00:00,2025-11-18T12:36:32+00:00,2025-11-18T12:36:44+00:00,2025-11-18T12:37:44+00:00,12.0,60.0,12.0,0.0,0.0,0.0,0.0,0.0,0.0,kubernetes
carbonscaler,b9f85cce-52c5-48a4-a06d-8d71fa042d5c,A,hetsched-worker,2025-11-18T12:34:35+00:00,2025-11-18T12:34:37+00:00,2025-11-18T12:35:37+00:00,2025-11-18T12:34:35+00:00,2025-11-18T12:34:37+00:00,2025-11-18T12:35:37+00:00,2.0,60.0,2.0,0.0,0.0,0.0,0.0,0.0,0.0,kubernetes
carbonscaler,bb902a76-7073-488e-9c4d-b31c822825b0,A,hetsched-worker,2025-11-18T12:34:32+00:00,2025-11-18T12:34:33+00:00,2025-11-18T12:35:33+00:00,2025-11-18T12:34:32+00:00,2025-11-18T12:34:33+00:00,2025-11-18T12:35:33+00:00,1.0,60.0,1.0,0.0,0.0,0.0,0.0,0.0,0.0,kubernetes
carbonscaler,bea88260-bc55-4b13-a79d-b4e95250ecb1,B,themis-control-plane,2025-11-18T12:34:47+00:00,2025-11-18T12:34:58+00:00,2025-11-18T12:35:58+00:00,2025-11-18T12:34:47+00:00,2025-11-18T12:34:58+00:00,2025-11-18T12:35:58+00:00,11.0,60.0,11.0,0.0,0.0,0.0,0.0,0.0,0.0,kubernetes
carbonscaler,bed9cb04-129e-4dfd-ac0c-95e0d51dfb34,,hetsched-worker2,2025-11-18T12:36:30+00:00,2025-11-18T12:36:39+00:00,2025-11-18T12:37:39+00:00,2025-11-18T12:36:30+00:00,2025-11-18T12:36:39+00:00,2025-11-18T12:37:39+00:00,9.0,60.0,9.0,0.0,0.0,0.0,0.0,0.0,0.0,kubernetes
carbonscaler,c0f6f020-065a-4d5e-a5dd-6f75a973e240,B,themis-control-plane,2025-11-18T12:34:27+00:00,2025-11-18T12:34:29+00:00,2025-11-18T12:34:47+00:00,2025-11-18T12:34:27+00:00,2025-11-18T12:34:29+00:00,2025-11-18T12:34:47+00:00,2.0,18.0,2.0,0.0,0.0,0.0,0.0,0.0,0.0,kubernetes
carbonscaler,c22c5b28-5d12-4ffc-a4e6-9a5c012b20a0,,hetsched-worker,2025-11-18T12:36:25+00:00,2025-11-18T12:36:26+00:00,2025-11-18T12:37:26+00:00,2025-11-18T12:36:25+00:00,2025-11-18T12:36:26+00:00,2025-11-18T12:37:26+00:00,1.0,60.0,1.0,0.0,0.0,0.0,0.0,0.0,0.0,kubernetes
carbonscaler,c2877051-be3a-4e33-aa17-42e2946fc4ad,B,themis-control-plane,2025-11-18T12:34:34+00:00,2025-11-18T12:34:35+00:00,2025-11-18T12:35:35+00:00,2025-11-18T12:34:34+00:00,2025-11-18T12:34:35+00:00,2025-11-18T12:35:35+00:00,1.0,60.0,1.0,0.0,0.0,0.0,0.0,0.0,0.0,kubernetes
carbonscaler,c53667e0-0d5a-48ab-b2e7-900b408ae381,A,hetsched-worker,2025-11-18T12:35:06+00:00,2025-11-18T12:35:24+00:00,2025-11-18T12:36:24+00:00,2025-11-18T12:35:06+00:00,2025-11-18T12:35:24+00:00,2025-11-18T12:36:24+00:00,18.0,60.0,18.0,0.0,0.0,0.0,0.0,0.0,0.0,kubernetes
carbonscaler,cc461743-5bca-4bb7-9aee-a50d68c6e8ed,A,hetsched-worker,2025-11-18T12:35:01+00:00,2025-11-18T12:35:17+00:00,2025-11-18T12:36:17+00:00,2025-11-18T12:35:01+00:00,2025-11-18T12:35:17+00:00,2025-11-18T12:36:17+00:00,16.0,60.0,16.0,0.0,0.0,0.0,0.0,0.0,0.0,kubernetes
carbonscaler,cd611c69-c3bb-49ac-821d-adfdc9f06e50,A,hetsched-worker,2025-11-18T12:34:49+00:00,2025-11-18T12:35:01+00:00,2025-11-18T12:36:01+00:00,2025-11-18T12:34:49+00:00,2025-11-18T12:35:01+00:00,2025-11-18T12:36:01+00:00,12.0,60.0,12.0,0.0,0.0,0.0,0.0,0.0,0.0,kubernetes
carbonscaler,ce7d0d99-0f1f-4228-a7a9-931a3102281f,,hetsched-worker,2025-11-18T12:36:19+00:00,2025-11-18T12:36:19+00:00,2025-11-18T12:37:19+00:00,2025-11-18T12:36:19+00:00,2025-11-18T12:36:19+00:00,2025-11-18T12:37:19+00:00,0.0,60.0,0.0,0.0,0.0,0.0,0.0,0.0,0.0,kubernetes
carbonscaler,d23e26ab-2f7a-4891-8f65-8661983caa3c,A,hetsched-worker,2025-11-18T12:34:47+00:00,2025-11-18T12:34:57+00:00,2025-11-18T12:35:57+00:00,2025-11-18T12:34:47+00:00,2025-11-18T12:34:57+00:00,2025-11-18T12:35:57+00:00,10.0,60.0,10.0,0.0,0.0,0.0,0.0,0.0,0.0,kubernetes
carbonscaler,d311d5ba-0119-4dbd-ab31-0d92dce461ce,,hetsched-worker,2025-11-18T12:36:31+00:00,2025-11-18T12:36:42+00:00,2025-11-18T12:37:42+00:00,2025-11-18T12:36:31+00:00,2025-11-18T12:36:42+00:00,2025-11-18T12:37:42+00:00,11.0,60.0,11.0,0.0,0.0,0.0,0.0,0.0,0.0,kubernetes
carbonscaler,d440c1b3-2f36-4b03-b690-da0bcc678aa0,,hetsched-worker,2025-11-18T12:36:28+00:00,2025-11-18T12:36:34+00:00,2025-11-18T12:37:34+00:00,2025-11-18T12:36:28+00:00,2025-11-18T12:36:34+00:00,2025-11-18T12:37:34+00:00,6.0,60.0,6.0,0.0,0.0,0.0,0.0,0.0,0.0,kubernetes
carbonscaler,d5fe9408-b890-407d-8a29-146f13303c02,A,hetsched-worker,2025-11-18T12:35:10+00:00,2025-11-18T12:35:28+00:00,2025-11-18T12:36:28+00:00,2025-11-18T12:35:10+00:00,2025-11-18T12:35:28+00:00,2025-11-18T12:36:28+00:00,18.0,60.0,18.0,0.0,0.0,0.0,0.0,0.0,0.0,kubernetes
carbonscaler,d7db9ef9-5b7b-4c9c-94ac-e1290deee167,A,hetsched-worker,2025-11-18T12:35:07+00:00,2025-11-18T12:35:26+00:00,2025-11-18T12:36:26+00:00,2025-11-18T12:35:07+00:00,2025-11-18T12:35:26+00:00,2025-11-18T12:36:26+00:00,19.0,60.0,19.0,0.0,0.0,0.0,0.0,0.0,0.0,kubernetes
carbonscaler,d9528bc2-af28-4cec-9ca8-e5dc4a88b353,B,themis-control-plane,2025-11-18T12:34:35+00:00,2025-11-18T12:34:36+00:00,2025-11-18T12:35:36+00:00,2025-11-18T12:34:35+00:00,2025-11-18T12:34:36+00:00,2025-11-18T12:35:36+00:00,1.0,60.0,1.0,0.0,0.0,0.0,0.0,0.0,0.0,kubernetes
carbonscaler,db7b7afa-bc6e-46d5-9de3-1e811e850333,A,hetsched-worker,2025-11-18T12:35:08+00:00,2025-11-18T12:35:26+00:00,2025-11-18T12:36:26+00:00,2025-11-18T12:35:08+00:00,2025-11-18T12:35:26+00:00,2025-11-18T12:36:26+00:00,18.0,60.0,18.0,0.0,0.0,0.0,0.0,0.0,0.0,kubernetes
carbonscaler,e079cc46-57a4-45f9-9836-ec6ff4e431ae,A,hetsched-worker,2025-11-18T12:34:40+00:00,2025-11-18T12:34:45+00:00,2025-11-18T12:35:45+00:00,2025-11-18T12:34:40+00:00,2025-11-18T12:34:45+00:00,2025-11-18T12:35:45+00:00,5.0,60.0,5.0,0.0,0.0,0.0,0.0,0.0,0.0,kubernetes
carbonscaler,e59dba9b-8391-45ee-9300-35ddc01eccc1,B,themis-control-plane,2025-11-18T12:35:01+00:00,2025-11-18T12:35:16+00:00,2025-11-18T12:35:38+00:00,2025-11-18T12:35:01+00:00,2025-11-18T12:35:16+00:00,2025-11-18T12:35:38+00:00,15.0,22.0,15.0,0.0,0.0,0.0,0.0,0.0,0.0,kubernetes
carbonscaler,e70940f3-ee5f-482b-b7d1-31b629a5c029,A,hetsched-worker,2025-11-18T12:34:36+00:00,2025-11-18T12:34:37+00:00,2025-11-18T12:35:37+00:00,2025-11-18T12:34:36+00:00,2025-11-18T12:34:37+00:00,2025-11-18T12:35:37+00:00,1.0,60.0,1.0,0.0,0.0,0.0,0.0,0.0,0.0,kubernetes
carbonscaler,e744a4ce-97fd-49d9-8e5c-8ecf1b87ace4,B,themis-control-plane,2025-11-18T12:34:53+00:00,2025-11-18T12:35:06+00:00,2025-11-18T12:36:06+00:00,2025-11-18T12:34:53+00:00,2025-11-18T12:35:06+00:00,2025-11-18T12:36:06+00:00,13.0,60.0,13.0,0.0,0.0,0.0,0.0,0.0,0.0,kubernetes
carbonscaler,e898292a-54da-4278-a209-dda8d9c8d69d,A,hetsched-worker,2025-11-18T12:34:41+00:00,2025-11-18T12:34:47+00:00,2025-11-18T12:35:47+00:00,2025-11-18T12:34:41+00:00,2025-11-18T12:34:47+00:00,2025-11-18T12:35:47+00:00,6.0,60.0,6.0,0.0,0.0,0.0,0.0,0.0,0.0,kubernetes
carbonscaler,e8af29ad-5b19-4fb9-b5de-2463bd78b679,,hetsched-worker,2025-11-18T12:34:21+00:00,2025-11-18T12:34:21+00:00,2025-11-18T12:35:06+00:00,2025-11-18T12:34:21+00:00,2025-11-18T12:34:21+00:00,2025-11-18T12:35:06+00:00,0.0,45.0,0.0,0.0,0.0,0.0,0.0,0.0,0.0,kubernetes
carbonscaler,eaf6e377-9e6e-4f84-b130-3d8413af8835,A,hetsched-worker,2025-11-18T12:34:54+00:00,2025-11-18T12:35:08+00:00,2025-11-18T12:36:08+00:00,2025-11-18T12:34:54+00:00,2025-11-18T12:35:08+00:00,2025-11-18T12:36:08+00:00,14.0,60.0,14.0,0.0,0.0,0.0,0.0,0.0,0.0,kubernetes
carbonscaler,eb817416-e381-4cda-a7be-73ce14dc514e,B,themis-control-plane,2025-11-18T12:34:46+00:00,2025-11-18T12:34:55+00:00,2025-11-18T12:35:15+00:00,2025-11-18T12:34:46+00:00,2025-11-18T12:34:55+00:00,2025-11-18T12:35:15+00:00,9.0,20.0,9.0,0.0,0.0,0.0,0.0,0.0,0.0,kubernetes
carbonscaler,ed5ac153-f38a-45f5-a3e5-38201d70014c,,hetsched-worker,2025-11-18T12:36:24+00:00,2025-11-18T12:36:24+00:00,2025-11-18T12:37:24+00:00,2025-11-18T12:36:24+00:00,2025-11-18T12:36:24+00:00,2025-11-18T12:37:24+00:00,0.0,60.0,0.0,0.0,0.0,0.0,0.0,0.0,0.0,kubernetes
carbonscaler,ed5ff229-2cd6-47cf-a36f-902a85ecf6e7,A,hetsched-worker,2025-11-18T12:34:52+00:00,2025-11-18T12:35:04+00:00,2025-11-18T12:36:04+00:00,2025-11-18T12:34:52+00:00,2025-11-18T12:35:04+00:00,2025-11-18T12:36:04+00:00,12.0,60.0,12.0,0.0,0.0,0.0,0.0,0.0,0.0,kubernetes
carbonscaler,ed8a5ef7-43f1-4db4-b80d-ce83e8850066,,hetsched-worker,2025-11-18T12:36:22+00:00,2025-11-18T12:36:22+00:00,2025-11-18T12:37:22+00:00,2025-11-18T12:36:22+00:00,2025-11-18T12:36:22+00:00,2025-11-18T12:37:22+00:00,0.0,60.0,0.0,0.0,0.0,0.0,0.0,0.0,0.0,kubernetes
carbonscaler,ee10bc44-963e-49e9-a404-5b73351cc875,,hetsched-worker2,2025-11-18T12:36:25+00:00,2025-11-18T12:36:28+00:00,2025-11-18T12:37:28+00:00,2025-11-18T12:36:25+00:00,2025-11-18T12:36:28+00:00,2025-11-18T12:37:28+00:00,3.0,60.0,3.0,0.0,0.0,0.0,0.0,0.0,0.0,kubernetes
carbonscaler,fcdf4780-8247-41d3-9e8f-97fd2012083f,,hetsched-worker,2025-11-18T12:36:22+00:00,2025-11-18T12:36:23+00:00,2025-11-18T12:37:23+00:00,2025-11-18T12:36:22+00:00,2025-11-18T12:36:23+00:00,2025-11-18T12:37:23+00:00,1.0,60.0,1.0,0.0,0.0,0.0,0.0,0.0,0.0,kubernetes
